District,State,Year,Case_Type,Annual_Rainfall_mm,Jan_mm,Feb_mm,Mar_mm,Apr_mm,May_mm,Jun_mm,Jul_mm,Aug_mm,Sep_mm,Oct_mm,Nov_mm,Dec_mm,Monsoon_Rainfall_mm,Monsoon_Percent,Rainfall_Category,Flood_Risk
49,0,2015,6,1586.3,22.3,18.9,17.2,29.4,67.8,236.1,408.3,362.9,234.4,167.4,48.5,17.9,1409.1,88.8,1,1
49,0,2016,4,1244.5,0.0,0.1,0.0,34.9,58.1,197.8,325.5,282.8,185.5,132.9,25.9,16.6,1124.5,90.4,3,3
49,0,2017,2,1508.8,28.4,15.7,12.5,23.1,68.6,225.0,379.3,317.5,229.9,154.2,48.8,28.4,1305.9,86.6,1,1
49,0,2018,0,737.5,3.2,5.5,13.3,1.6,34.5,115.7,175.7,151.1,105.1,69.7,24.2,5.5,617.3,83.7,0,2
49,0,2019,7,1646.2,4.5,7.7,6.3,37.5,58.4,245.9,403.9,351.9,235.2,169.3,38.5,7.4,1406.2,85.4,1,1
49,0,2020,1,2263.9,32.3,10.6,32.8,33.2,104.9,338.6,580.3,501.2,346.8,212.6,61.4,11.2,1979.5,87.4,2,0
49,0,2021,3,945.2,0.0,4.0,6.9,5.8,43.6,143.8,229.2,208.6,129.6,96.8,41.2,4.0,808.0,85.5,3,2
49,0,2022,5,458.5,0.0,11.1,0.0,0.0,20.9,54.4,124.5,86.0,74.1,39.0,20.8,18.5,378.0,82.4,4,2
49,0,2023,6,1470.8,17.0,17.5,16.9,21.1,72.4,219.0,378.1,329.6,214.5,156.5,41.0,26.1,1297.7,88.2,1,1
49,0,2024,4,1149.9,23.0,17.3,18.3,23.0,59.7,176.8,285.2,256.2,158.1,109.0,39.3,5.2,985.3,85.7,3,2
50,0,2015,4,1107.2,8.9,0.1,5.0,24.2,47.0,168.3,281.4,248.2,164.0,122.6,29.2,9.1,984.5,88.9,3,2
50,0,2016,2,1833.3,27.5,24.4,6.3,49.2,79.8,290.0,447.8,414.4,264.9,186.8,43.7,28.8,1603.9,87.5,2,1
50,0,2017,0,736.9,9.4,4.6,0.0,20.7,28.1,117.2,195.2,176.4,121.2,59.0,17.9,14.3,669.0,90.8,0,2
50,0,2018,7,1314.1,13.8,0.0,4.1,11.8,61.4,188.8,323.9,301.9,203.2,117.4,29.4,16.8,1135.2,86.4,1,3
50,0,2019,1,2314.3,15.3,36.2,26.6,47.4,95.3,354.0,572.9,506.1,338.4,222.0,82.8,30.3,1993.4,86.1,2,0
50,0,2020,3,943.0,1.3,2.1,0.0,16.9,32.1,147.3,232.1,197.8,127.2,81.3,33.7,8.0,785.7,83.3,3,2
50,0,2021,5,403.4,15.9,18.7,0.0,13.0,9.0,46.1,108.6,83.3,57.0,43.0,22.0,7.9,338.0,83.8,4,2
50,0,2022,6,1633.2,9.5,25.3,6.9,46.2,71.0,236.4,421.7,366.2,237.6,154.7,49.5,2.1,1416.6,86.7,1,1
50,0,2023,4,999.5,7.7,6.2,8.9,13.3,42.6,160.8,238.4,220.4,138.9,106.5,26.9,12.0,865.0,86.5,3,2
50,0,2024,2,1461.2,4.0,14.3,10.3,42.4,66.4,226.6,377.4,309.0,220.7,148.7,57.7,8.4,1282.4,87.8,1,1
45,0,2015,2,1633.5,4.3,1.8,29.2,37.8,73.9,238.5,411.0,346.3,244.6,177.7,60.3,11.5,1418.1,86.8,1,1
45,0,2016,0,851.5,0.5,22.0,21.8,26.0,38.0,138.9,206.7,197.8,131.3,70.5,21.0,0.0,745.2,87.5,0,2
45,0,2017,7,1718.7,16.5,17.1,21.4,30.4,57.9,267.5,420.4,378.5,249.5,159.8,62.4,31.4,1475.7,85.9,1,1
45,0,2018,1,2843.5,40.6,36.7,23.4,44.3,111.0,418.5,699.8,612.2,433.3,269.7,93.4,17.8,2433.5,85.6,2,0
45,0,2019,3,938.3,0.0,14.5,1.7,16.4,39.3,151.6,241.4,199.5,129.7,80.5,22.2,2.2,802.7,85.5,3,2
45,0,2020,5,418.6,9.7,10.1,0.0,4.8,7.2,71.5,91.4,98.0,71.2,50.2,5.3,0.4,382.3,91.3,4,2
45,0,2021,6,1674.0,9.9,12.9,7.7,32.3,53.3,260.1,405.8,368.8,245.3,169.7,64.0,21.1,1449.7,86.6,1,1
45,0,2022,4,1045.2,8.4,10.8,11.5,26.3,35.1,145.6,258.1,243.6,147.4,116.6,32.7,9.2,911.3,87.2,3,2
45,0,2023,2,2002.2,18.8,26.7,17.0,52.2,85.8,306.3,495.4,448.2,304.4,192.4,49.9,28.9,1746.7,87.2,2,1
45,0,2024,0,850.8,7.3,11.2,19.2,15.7,47.6,129.9,222.3,199.4,137.1,74.9,29.4,5.5,763.6,89.8,0,2
8,0,2015,0,618.8,3.9,0.0,16.7,0.0,38.5,88.5,150.4,121.6,83.4,58.9,31.4,0.0,502.8,81.3,0,2
8,0,2016,7,1780.3,28.9,16.4,12.6,27.6,74.6,253.0,430.5,389.5,254.1,170.6,45.0,10.4,1497.7,84.1,1,1
8,0,2017,1,2270.1,8.1,11.2,26.3,59.6,105.5,337.8,557.4,503.6,340.2,241.7,55.1,31.2,1980.7,87.3,2,0
8,0,2018,3,1029.2,2.5,15.2,2.7,25.6,41.7,152.1,258.9,220.0,160.6,100.4,26.7,20.2,892.0,86.7,3,2
8,0,2019,5,577.5,0.0,0.0,1.2,21.0,37.7,100.7,156.5,120.9,101.4,50.2,5.5,19.3,529.7,91.7,4,2
8,0,2020,6,1598.0,21.7,2.7,22.9,43.4,57.1,236.1,395.7,359.0,231.8,150.0,46.4,10.1,1372.6,85.9,1,1
8,0,2021,4,1331.8,5.4,13.4,26.6,30.7,64.3,213.0,340.5,299.0,213.8,148.0,38.5,0.4,1214.3,91.2,3,3
8,0,2022,2,1735.7,6.9,14.9,6.3,37.8,65.9,272.2,448.0,383.3,253.6,176.3,64.0,14.6,1533.4,88.3,1,1
8,0,2023,0,765.6,0.8,6.3,4.7,7.8,30.8,109.2,187.6,169.2,122.4,71.6,35.7,18.5,660.0,86.2,0,2
8,0,2024,7,1457.5,7.2,13.0,2.7,24.6,65.5,224.0,368.1,327.0,209.8,141.0,49.0,26.0,1269.9,87.1,1,3
53,0,2015,7,1431.3,7.8,0.2,20.6,13.9,53.4,215.6,370.5,302.6,211.9,128.9,38.2,18.0,1229.5,85.9,1,1
53,0,2016,1,2095.1,12.2,9.4,23.3,47.8,89.0,327.7,508.9,465.3,317.3,212.2,76.7,6.5,1831.4,87.4,2,0
53,0,2017,3,986.3,19.3,10.2,4.9,28.5,27.4,146.2,247.2,222.8,135.7,90.5,26.9,13.6,842.4,85.4,3,2
53,0,2018,5,495.3,8.5,0.0,19.4,21.1,19.9,87.0,125.1,121.7,84.2,63.6,27.5,0.0,481.6,97.2,4,2
53,0,2019,6,1376.7,10.4,27.3,7.8,17.3,66.7,204.9,356.4,292.7,211.3,135.9,28.6,19.7,1201.2,87.3,1,1
53,0,2020,4,1009.9,0.0,0.0,0.0,32.4,47.6,163.4,257.7,223.1,145.6,115.9,26.2,9.2,905.7,89.7,3,2
53,0,2021,2,1563.6,30.0,5.9,10.5,36.7,49.4,237.8,390.2,337.5,226.7,156.8,42.9,14.3,1349.0,86.3,1,1
53,0,2022,0,613.6,20.3,0.0,0.0,7.6,27.3,96.8,150.3,150.0,87.6,68.0,22.5,15.5,552.7,90.1,0,2
53,0,2023,7,1567.5,27.4,23.6,21.6,26.4,52.1,222.0,384.1,342.8,235.8,164.9,60.8,4.2,1349.6,86.1,1,1
53,0,2024,1,1968.6,22.4,27.0,30.1,52.4,93.2,292.3,488.6,422.5,300.8,201.6,69.9,7.6,1705.8,86.7,2,0
22,0,2015,1,2041.0,22.8,12.7,10.5,51.6,68.4,305.3,498.7,447.7,320.6,201.8,71.9,8.9,1774.1,86.9,2,0
22,0,2016,3,811.5,5.2,5.1,13.3,11.6,38.9,125.9,199.9,176.5,125.2,68.3,34.0,12.7,695.8,85.7,3,2
22,0,2017,5,410.0,5.2,0.0,1.3,5.4,11.0,47.4,109.6,78.5,64.7,47.1,16.3,17.9,347.3,84.7,4,2
22,0,2018,6,1221.8,23.2,0.0,13.3,21.6,49.6,179.2,296.2,254.4,183.8,132.5,32.9,3.9,1046.1,85.6,1,3
22,0,2019,4,874.1,0.0,0.4,0.0,10.4,21.9,118.1,229.2,182.2,132.9,95.6,24.9,0.0,758.0,86.7,3,2
22,0,2020,2,1329.8,11.3,14.1,8.8,35.0,60.7,212.3,318.3,304.4,196.2,144.3,45.6,27.9,1175.5,88.4,1,1
22,0,2021,0,655.3,2.5,6.6,2.8,9.1,19.0,98.2,169.3,137.5,99.0,54.1,9.5,0.0,558.1,85.2,0,2
22,0,2022,7,1416.7,0.0,4.5,17.6,15.8,68.1,219.1,368.2,311.9,206.5,143.2,55.4,14.8,1248.9,88.2,1,1
22,0,2023,1,1887.7,30.2,15.0,3.9,30.2,70.1,293.9,470.7,413.6,278.2,200.2,70.0,33.6,1656.6,87.8,2,0
22,0,2024,3,831.6,22.3,17.1,13.6,9.0,24.8,114.7,220.6,176.8,123.3,83.0,33.3,18.6,718.4,86.4,3,2
11,0,2015,3,745.0,5.3,17.7,17.0,3.0,19.5,105.9,173.5,161.6,100.0,76.5,14.7,10.3,617.5,82.9,3,2
11,0,2016,5,251.4,16.8,15.5,0.0,0.0,2.6,37.2,49.1,59.5,35.0,21.5,16.8,8.8,202.3,80.5,4,2
11,0,2017,6,1425.6,9.8,26.2,22.4,24.2,60.7,207.5,367.6,302.0,205.2,133.1,39.9,21.6,1215.4,85.3,1,1
11,0,2018,4,928.6,8.9,0.0,7.0,5.5,28.4,152.3,223.6,215.0,148.4,82.6,31.0,0.0,821.9,88.5,3,2
11,0,2019,2,1497.5,19.1,24.3,14.4,42.4,46.4,218.4,380.8,327.0,214.8,138.0,54.4,14.2,1279.0,85.4,2,1
11,0,2020,0,648.5,13.5,3.8,2.7,13.4,37.6,104.4,147.3,148.5,109.9,71.2,9.8,6.0,581.3,89.6,0,2
11,0,2021,7,1117.9,6.9,24.3,23.9,15.8,39.9,170.7,293.4,235.4,160.4,123.0,33.3,23.1,982.9,87.9,1,3
11,0,2022,1,1736.9,18.3,12.2,11.9,33.1,67.5,256.3,446.7,389.1,267.4,167.4,54.4,25.7,1526.9,87.9,2,0
11,0,2023,3,863.2,4.0,16.8,15.7,6.5,45.5,127.7,215.4,188.4,131.5,90.0,25.8,19.6,753.0,87.2,3,2
11,0,2024,5,366.2,0.7,1.2,13.0,2.8,6.0,41.7,102.8,93.1,43.5,31.7,1.2,0.0,312.8,85.4,4,2
39,0,2015,5,403.7,0.0,18.5,0.0,19.0,18.1,56.6,96.2,96.5,55.0,45.1,12.6,3.6,349.4,86.5,4,2
39,0,2016,6,1330.6,14.9,23.1,20.1,12.8,61.4,191.1,344.7,279.0,194.6,121.1,39.2,22.9,1130.5,85.0,1,1
39,0,2017,4,828.4,0.0,3.2,17.7,5.8,25.0,111.3,213.3,179.1,118.6,89.4,19.9,15.1,711.7,85.9,3,2
39,0,2018,2,1451.5,6.0,28.7,4.4,22.8,48.5,213.1,362.3,320.0,228.3,156.8,35.1,18.2,1280.5,88.2,2,1
39,0,2019,0,448.7,3.3,0.0,0.0,8.5,24.8,54.4,123.5,105.8,57.6,58.0,13.7,19.5,399.3,89.0,0,2
39,0,2020,7,1070.3,11.8,4.4,4.8,24.1,55.5,169.7,274.3,237.2,173.2,106.8,43.3,20.7,961.2,89.8,1,3
39,0,2021,1,1657.2,24.7,1.9,11.3,25.0,66.5,255.7,402.2,365.0,261.7,157.6,55.0,19.4,1442.2,87.0,2,0
39,0,2022,3,681.7,6.1,13.1,0.0,25.0,27.9,88.2,162.2,163.6,104.7,56.4,14.1,5.5,575.1,84.4,3,2
39,0,2023,5,217.0,0.0,1.9,0.0,7.0,16.3,24.6,57.9,51.9,46.0,30.0,17.0,1.9,210.4,97.0,4,2
39,0,2024,6,1117.6,26.1,0.1,10.3,9.4,58.0,181.6,286.0,241.4,160.3,104.7,22.3,12.0,974.0,87.2,1,1
34,0,2015,6,1273.6,7.2,16.5,19.6,11.2,48.8,195.6,329.0,279.5,205.1,120.3,23.6,12.2,1129.5,88.7,1,3
34,0,2016,4,944.7,19.2,1.4,3.8,27.6,44.2,143.5,242.3,205.4,126.9,79.8,28.7,0.0,797.9,84.5,3,2
34,0,2017,2,1299.0,27.0,23.8,2.6,11.0,65.2,188.2,315.3,291.5,183.1,122.8,53.2,17.2,1100.9,84.7,1,1
34,0,2018,0,617.6,3.1,14.4,0.0,26.4,35.5,96.2,140.7,141.9,105.0,62.5,14.2,0.0,546.3,88.5,0,2
34,0,2019,7,1397.9,25.5,2.0,21.7,13.5,69.9,213.1,351.1,301.4,222.6,132.8,51.8,28.5,1221.0,87.3,1,1
34,0,2020,1,2301.4,23.6,10.0,22.2,44.2,83.1,342.9,571.1,496.2,343.5,223.0,69.7,9.1,1976.7,85.9,2,0
34,0,2021,3,961.6,19.1,11.2,20.2,33.1,26.8,148.2,255.3,226.2,147.3,85.0,31.3,0.0,862.0,89.6,3,2
34,0,2022,5,293.7,16.6,0.0,7.1,0.0,25.2,50.9,68.3,73.4,32.3,26.1,0.4,8.4,251.0,85.5,4,2
34,0,2023,6,1260.1,9.5,5.9,12.8,20.7,56.6,174.8,319.1,269.1,182.1,135.0,51.5,7.1,1080.1,85.7,1,3
34,0,2024,4,1084.6,0.0,14.9,18.4,11.4,41.2,174.5,259.2,224.1,165.4,106.5,41.5,23.5,929.7,85.7,3,3
24,0,2015,4,584.9,2.5,5.4,8.5,26.2,29.3,84.4,139.1,142.0,76.8,65.1,30.3,10.8,507.4,86.7,3,2
24,0,2016,2,906.9,0.0,5.1,15.3,22.6,49.1,147.0,236.2,211.9,129.3,86.8,23.6,10.9,811.2,89.4,1,1
24,0,2017,0,400.2,0.0,0.0,1.0,2.3,29.3,71.7,110.9,92.6,55.4,41.5,21.5,0.0,372.1,93.0,0,2
24,0,2018,7,864.2,0.0,18.1,17.9,3.8,38.4,129.7,206.1,179.6,137.8,88.5,40.4,23.1,741.7,85.8,1,1
24,0,2019,1,1496.9,3.5,28.1,7.3,28.7,67.6,215.6,376.2,319.9,212.7,138.2,40.6,0.1,1262.6,84.3,2,0
24,0,2020,3,531.0,10.2,2.4,0.0,0.0,14.6,69.7,146.7,106.4,88.8,55.7,18.0,5.7,467.3,88.0,3,2
24,0,2021,5,295.8,0.0,11.6,4.6,2.8,25.5,47.3,62.5,62.6,52.8,35.4,21.4,0.0,260.6,88.1,4,2
24,0,2022,6,909.2,7.9,11.3,22.7,32.6,47.2,132.2,238.9,204.2,134.3,77.0,35.4,9.2,786.6,86.5,1,1
24,0,2023,4,657.9,14.0,15.4,0.6,22.2,27.8,97.9,169.7,130.4,86.8,59.6,34.2,0.0,544.4,82.7,3,2
24,0,2024,2,879.2,0.0,3.7,3.4,31.0,45.5,128.4,205.5,203.4,136.7,77.5,41.3,0.0,751.5,85.5,1,1
17,0,2015,2,1213.5,6.0,10.2,21.0,29.6,61.7,185.7,291.3,278.5,190.1,127.7,23.0,9.0,1073.3,88.4,2,1
17,0,2016,0,379.3,13.5,9.8,15.3,21.6,23.4,71.7,98.3,69.6,42.3,33.2,21.1,14.8,315.1,83.1,0,2
17,0,2017,7,1041.8,0.0,0.0,22.8,15.0,43.4,170.7,257.5,234.2,153.3,112.2,32.1,2.5,927.9,89.1,1,1
17,0,2018,1,1392.9,6.7,14.9,20.0,41.3,61.5,217.4,338.3,302.7,206.4,144.9,35.7,8.0,1209.7,86.8,2,0
17,0,2019,3,609.8,15.4,8.4,0.0,0.0,20.5,99.5,158.1,140.4,99.5,54.6,19.7,7.4,552.1,90.5,3,2
17,0,2020,5,304.4,16.8,0.0,11.8,10.9,14.6,53.9,89.4,53.1,35.1,38.1,0.0,3.5,269.6,88.6,4,2
17,0,2021,6,928.9,2.5,15.3,0.0,29.8,35.5,139.4,233.4,208.7,134.7,80.9,22.4,0.0,797.1,85.8,1,1
17,0,2022,4,727.3,1.8,21.0,21.2,18.2,32.6,123.7,193.4,168.0,103.5,68.7,12.9,6.9,657.3,90.4,3,2
17,0,2023,2,1256.6,24.9,1.1,0.0,37.1,51.4,179.5,319.4,280.8,177.2,118.5,24.5,3.9,1075.4,85.6,2,1
17,0,2024,0,373.2,0.0,9.3,0.0,0.0,4.0,50.5,87.3,74.7,63.5,52.3,12.2,17.1,328.3,88.0,0,2
3,0,2015,0,329.5,0.0,0.6,0.0,6.4,17.9,48.3,95.4,84.0,55.5,32.6,0.0,0.2,315.8,95.8,0,2
3,0,2016,7,776.2,1.3,0.0,20.0,21.8,34.5,125.2,204.1,170.3,127.9,90.1,16.4,11.0,717.6,92.5,1,1
3,0,2017,1,1192.7,13.1,25.1,6.1,38.4,59.8,177.7,307.7,270.5,184.2,113.9,26.7,17.1,1054.0,88.4,2,0
3,0,2018,3,532.7,0.0,9.6,3.6,22.6,16.0,79.1,133.6,106.4,86.3,63.2,2.7,0.0,468.6,88.0,3,2
3,0,2019,5,142.7,15.1,6.4,15.4,3.8,14.8,17.6,31.3,27.7,26.1,10.1,16.3,15.9,112.8,79.0,4,2
3,0,2020,6,693.4,0.0,0.0,0.0,5.7,26.1,114.1,165.0,152.4,116.9,74.4,29.7,8.5,622.8,89.8,1,3
3,0,2021,4,629.8,9.0,0.0,0.0,9.7,28.2,102.6,154.8,144.9,103.2,57.5,33.3,10.8,563.0,89.4,3,3
3,0,2022,2,957.3,11.3,16.8,17.7,31.4,27.8,145.3,237.2,223.3,131.7,110.2,40.0,0.0,847.7,88.6,2,1
3,0,2023,0,342.5,10.0,10.6,15.6,15.8,8.0,51.3,91.7,64.5,42.2,33.7,4.2,14.3,283.4,82.7,0,2
3,0,2024,7,756.7,3.0,18.0,16.7,30.1,40.7,110.9,178.0,176.7,100.3,71.2,35.3,21.4,637.1,84.2,1,1
7,0,2015,7,1113.7,16.8,0.0,11.6,23.7,39.8,154.1,270.3,240.8,165.1,114.1,40.1,5.7,944.4,84.8,1,1
7,0,2016,1,1624.2,1.8,2.5,9.0,39.7,68.8,251.7,414.1,368.0,250.2,176.8,60.7,18.8,1460.8,89.9,2,0
7,0,2017,3,734.1,0.0,22.3,0.0,21.9,39.0,106.3,174.4,149.5,117.6,72.0,28.4,19.8,619.8,84.4,3,2
7,0,2018,5,229.3,14.9,0.0,0.0,17.9,23.9,25.4,62.0,38.6,38.9,32.8,12.4,0.0,197.7,86.2,4,2
7,0,2019,6,1107.3,7.9,13.8,22.5,35.0,30.9,156.5,265.2,234.4,161.5,110.9,37.1,18.0,928.5,83.9,1,1
7,0,2020,4,898.0,23.7,13.9,19.3,26.3,30.1,146.0,210.8,182.6,127.9,88.7,31.1,0.0,756.0,84.2,3,3
7,0,2021,2,1309.2,22.1,3.7,10.5,26.8,50.9,205.4,341.1,297.0,183.7,140.1,26.3,5.2,1167.3,89.2,2,1
7,0,2022,0,430.6,0.0,5.2,9.5,7.7,31.0,56.8,115.5,105.8,66.5,41.7,15.8,2.2,386.3,89.7,0,2
7,0,2023,7,1093.2,8.4,7.9,16.8,9.7,33.7,174.5,281.4,234.0,160.3,122.1,42.3,14.4,972.3,88.9,1,1
7,0,2024,1,1564.0,2.0,13.6,20.8,41.1,73.1,220.6,383.3,339.3,225.3,165.5,54.9,16.1,1334.0,85.3,2,0
1,0,2015,1,3483.3,24.2,46.8,23.3,59.6,145.2,510.8,872.8,763.9,529.3,360.3,112.6,45.3,3037.1,87.2,2,0
1,0,2016,3,1129.2,5.6,11.8,8.8,14.5,39.4,182.7,276.1,244.0,154.5,123.3,23.5,2.4,980.6,86.8,3,2
1,0,2017,5,439.3,15.9,0.0,13.3,18.0,30.4,54.4,101.4,103.9,56.8,37.5,3.2,0.0,354.0,80.6,4,2
1,0,2018,6,1986.0,8.2,14.5,17.7,25.5,76.1,285.7,496.3,446.7,307.4,186.0,62.6,29.9,1722.1,86.7,1,1
1,0,2019,4,1343.3,21.3,25.2,22.6,15.1,39.0,192.2,328.9,299.0,198.0,140.4,35.9,3.1,1158.5,86.2,3,2
1,0,2020,2,2038.9,31.9,34.1,11.6,49.4,74.8,317.4,499.7,453.5,293.4,218.1,67.2,30.6,1782.1,87.4,1,1
1,0,2021,0,898.3,8.3,12.6,9.8,17.0,43.7,125.1,214.7,195.6,129.4,77.1,37.3,17.1,741.9,82.6,0,2
1,0,2022,7,1908.4,33.5,6.3,27.1,31.2,72.4,277.8,485.8,409.2,296.5,195.7,44.0,28.4,1665.0,87.2,1,1
1,0,2023,1,3135.2,43.5,38.8,33.2,72.8,118.7,471.7,777.6,703.8,462.1,299.0,88.8,31.4,2714.2,86.6,2,0
1,0,2024,3,1127.9,13.1,22.5,17.4,26.2,58.8,182.9,291.7,251.4,168.8,98.2,37.0,26.0,993.0,88.0,3,2
2,0,2015,3,1040.7,5.6,0.0,18.9,28.1,55.6,167.4,261.8,217.0,155.6,98.5,31.6,4.5,900.3,86.5,3,2
2,0,2016,5,502.7,15.4,0.0,8.0,8.0,32.4,66.0,131.6,124.7,65.7,41.3,20.9,13.4,429.3,85.4,4,2
2,0,2017,6,1535.4,18.6,6.7,14.7,19.1,56.1,223.9,382.2,350.7,220.8,150.6,49.5,28.8,1328.2,86.5,1,1
2,0,2018,4,1008.0,22.6,0.0,9.5,18.8,31.6,146.6,250.6,232.7,164.8,101.4,41.3,13.3,896.1,88.9,3,2
2,0,2019,2,1592.5,6.8,13.3,16.6,18.2,53.1,241.9,389.9,360.5,233.7,147.4,35.3,29.0,1373.4,86.2,1,1
2,0,2020,0,571.9,0.0,16.6,0.0,16.4,32.4,89.0,156.7,132.1,74.2,58.9,23.7,14.8,510.9,89.3,0,2
2,0,2021,7,1304.5,19.6,22.8,20.5,26.5,50.9,197.2,332.3,299.7,199.2,142.1,45.2,0.1,1170.5,89.7,1,3
2,0,2022,1,2322.6,16.8,16.8,18.9,40.9,95.3,353.9,573.7,499.9,335.2,234.5,60.3,8.5,1997.2,86.0,2,0
2,0,2023,3,1064.4,11.8,0.0,20.9,35.8,41.0,145.9,254.6,230.6,171.2,95.9,41.7,0.0,898.2,84.4,3,2
2,0,2024,5,393.5,8.3,0.0,7.4,21.2,5.5,65.9,101.6,77.1,44.2,24.6,12.8,17.2,313.4,79.6,4,2
5,0,2015,5,378.2,10.2,3.6,6.2,0.0,26.4,64.6,109.5,77.1,48.5,26.6,25.3,12.2,326.3,86.3,4,2
5,0,2016,6,1203.6,13.6,9.4,1.6,13.9,62.0,174.7,314.1,252.1,179.4,109.2,21.3,13.6,1029.5,85.5,1,1
5,0,2017,4,854.2,15.2,14.5,0.0,30.3,40.8,122.1,219.8,194.9,123.4,81.7,21.4,12.0,741.9,86.9,3,2
5,0,2018,2,1610.2,6.3,27.4,1.9,37.0,61.8,250.3,409.2,353.6,245.8,161.1,57.7,15.4,1420.0,88.2,2,1
5,0,2019,0,580.3,0.0,9.0,0.0,13.9,13.3,76.8,142.6,125.5,80.1,47.0,3.6,0.0,472.0,81.3,0,2
5,0,2020,7,1178.9,10.6,18.6,11.0,35.7,33.2,167.3,289.9,261.7,187.4,113.4,28.4,0.0,1019.7,86.5,1,3
5,0,2021,1,2184.9,18.2,24.0,36.4,28.7,76.8,336.1,555.4,488.8,328.8,232.9,62.4,24.9,1942.0,88.9,2,0
5,0,2022,3,747.7,4.8,14.2,0.0,28.3,35.5,105.8,195.0,152.0,126.4,61.2,35.4,0.1,640.4,85.6,3,2
5,0,2023,5,404.3,0.0,0.0,11.5,9.1,4.6,57.5,97.3,91.0,65.7,50.7,12.0,0.8,362.2,89.6,4,2
5,0,2024,6,1196.4,21.1,18.4,9.2,24.5,52.8,169.4,284.9,257.7,182.3,119.2,41.7,21.6,1013.5,84.7,1,1
9,0,2015,6,1421.0,3.2,24.7,16.5,35.6,63.0,227.2,349.1,318.8,209.1,139.0,34.5,9.5,1243.2,87.5,1,1
9,0,2016,4,1137.1,5.1,3.8,13.9,15.5,44.7,180.6,276.2,248.0,173.9,115.1,48.4,16.8,993.8,87.4,3,3
9,0,2017,2,1670.0,30.7,14.1,12.4,19.7,57.3,242.6,408.0,375.0,251.6,172.0,59.7,8.6,1449.2,86.8,2,1
9,0,2018,0,581.5,12.1,2.6,0.0,9.7,35.5,84.5,140.3,142.6,91.6,54.1,5.5,14.5,513.1,88.2,0,2
9,0,2019,7,1412.4,26.8,5.6,2.6,35.0,47.6,202.1,347.7,320.2,213.0,127.6,41.3,19.6,1210.6,85.7,1,1
9,0,2020,1,2176.9,23.9,13.5,32.2,45.4,93.5,341.0,542.1,490.3,311.7,203.7,68.0,16.1,1888.8,86.8,2,0
9,0,2021,3,849.7,1.8,3.0,15.4,19.1,42.7,137.4,222.7,184.4,125.1,97.8,30.3,0.0,767.4,90.3,3,2
9,0,2022,5,385.5,0.0,18.5,0.0,11.1,22.1,51.5,110.6,95.6,70.3,24.1,13.7,0.0,352.1,91.3,4,2
9,0,2023,6,1547.2,19.5,16.6,3.9,32.1,65.8,245.8,389.3,354.4,245.9,159.2,46.6,14.5,1394.6,90.1,1,1
9,0,2024,4,1122.6,0.0,0.0,0.0,30.2,40.1,172.5,283.8,243.5,169.3,116.6,46.9,13.5,985.7,87.8,3,3
21,0,2015,4,1317.0,0.2,26.7,14.0,35.4,39.2,195.2,322.0,282.7,206.3,135.4,37.7,0.0,1141.6,86.7,3,2
21,0,2016,2,2228.1,36.1,13.8,8.5,45.5,102.7,346.5,559.6,484.3,329.1,234.7,66.6,11.2,1954.2,87.7,2,1
21,0,2017,0,702.6,0.3,0.0,5.9,26.5,33.2,92.6,160.8,147.9,101.3,78.6,35.1,3.7,581.2,82.7,0,2
21,0,2018,7,1757.5,32.4,24.9,21.7,22.5,65.0,276.0,430.4,397.0,269.5,171.7,53.6,18.9,1544.6,87.9,1,1
21,0,2019,1,2874.8,29.2,17.7,37.0,54.7,128.9,424.7,711.6,627.5,433.4,299.3,76.5,22.1,2496.5,86.8,2,0
21,0,2020,3,1145.4,10.1,9.9,21.1,35.6,45.3,177.4,295.4,252.5,165.6,118.7,36.9,23.5,1009.6,88.1,3,2
21,0,2021,5,328.9,15.6,4.3,0.0,1.9,19.9,49.0,96.6,70.0,44.1,42.5,11.3,8.8,302.2,91.9,4,2
21,0,2022,6,1915.0,24.3,16.8,7.9,40.7,88.5,284.8,491.1,421.4,290.9,201.5,59.4,6.9,1689.7,88.2,1,1
21,0,2023,4,1431.6,6.7,20.6,14.5,28.0,49.6,221.4,346.3,329.7,225.1,144.2,40.7,7.9,1266.7,88.5,3,3
21,0,2024,2,1938.5,30.8,12.6,19.4,30.8,72.7,281.5,499.3,428.6,297.8,181.8,54.1,31.2,1689.0,87.1,1,1
37,0,2015,2,1744.9,7.4,21.2,21.1,45.0,82.9,251.0,429.0,381.7,246.8,161.6,44.1,16.9,1470.1,84.3,1,1
37,0,2016,0,731.7,18.6,2.0,20.1,28.9,27.8,101.6,176.7,169.3,103.0,69.6,21.3,9.6,620.2,84.8,0,2
37,0,2017,7,1948.5,11.5,15.1,12.4,34.8,66.0,288.1,498.8,422.6,288.4,208.2,65.3,20.0,1706.1,87.6,1,1
37,0,2018,1,3047.2,19.2,29.4,19.0,53.0,111.1,452.9,758.3,683.8,450.0,303.9,100.8,39.9,2648.9,86.9,2,0
37,0,2019,3,1235.1,6.0,12.2,2.9,15.4,47.5,192.4,309.6,283.3,195.2,109.5,39.1,15.6,1090.0,88.3,3,2
37,0,2020,5,637.5,0.0,7.3,0.0,0.0,28.1,103.8,167.6,126.2,92.8,50.1,11.6,0.0,540.5,84.8,4,2
37,0,2021,6,1722.9,12.4,10.6,31.1,30.0,80.7,248.9,438.6,365.9,257.3,157.5,61.0,30.7,1468.2,85.2,1,1
37,0,2022,4,1181.4,24.8,20.0,7.6,35.9,41.1,174.5,283.3,264.6,163.1,117.7,40.9,21.5,1003.2,84.9,3,2
37,0,2023,2,1787.5,25.5,24.4,19.7,38.3,59.2,271.1,443.3,404.3,262.5,181.0,51.4,29.2,1562.2,87.4,1,1
37,0,2024,0,732.5,0.0,14.8,4.7,17.3,15.1,123.4,194.5,164.9,95.4,69.6,36.3,12.8,647.8,88.4,0,2
44,0,2015,0,351.2,2.3,17.5,4.6,0.0,17.6,45.8,75.8,74.3,54.4,20.6,12.3,3.8,270.9,77.1,0,2
44,0,2016,7,934.8,7.1,11.0,16.6,30.6,33.8,143.3,239.5,192.0,149.2,89.8,33.2,8.5,813.8,87.1,1,1
44,0,2017,1,1489.6,21.6,5.6,19.8,40.3,51.6,231.2,376.4,341.4,216.2,138.6,39.1,7.6,1303.8,87.5,2,0
44,0,2018,3,618.4,13.2,11.3,0.0,23.2,38.4,93.7,159.1,136.1,86.3,55.4,13.0,0.0,530.6,85.8,3,2
44,0,2019,5,309.1,13.8,1.9,0.0,19.4,4.0,48.0,63.9,58.7,49.5,35.8,11.7,14.2,255.9,82.8,4,2
44,0,2020,6,1038.5,18.3,9.3,20.4,9.4,47.0,156.3,250.0,242.7,150.9,107.3,42.5,10.6,907.2,87.4,1,1
44,0,2021,4,603.7,15.6,1.6,20.5,23.6,34.8,86.2,158.6,147.4,91.3,59.5,3.6,12.0,543.0,89.9,3,2
44,0,2022,2,1124.0,3.7,5.7,11.3,9.6,32.6,166.2,273.8,244.5,167.2,126.7,47.0,0.4,978.4,87.0,2,1
44,0,2023,0,468.4,0.0,4.9,0.0,5.3,26.0,68.0,126.3,109.6,83.5,47.9,23.1,0.0,435.3,92.9,0,2
44,0,2024,7,847.4,5.5,5.8,0.0,17.5,21.8,138.8,198.7,184.9,120.7,74.4,33.9,14.9,717.5,84.7,1,1
47,0,2015,7,1019.9,14.2,19.0,18.4,8.2,46.4,159.5,265.8,224.6,151.8,115.9,39.5,12.0,917.6,90.0,1,3
47,0,2016,1,1665.8,27.0,15.3,4.4,32.0,77.8,248.3,401.9,369.8,264.7,176.1,53.5,29.1,1460.8,87.7,2,0
47,0,2017,3,789.4,7.9,10.6,14.8,26.2,18.3,126.7,195.8,178.5,126.4,80.1,13.4,5.2,707.5,89.6,3,2
47,0,2018,5,220.8,7.9,15.8,11.1,1.1,11.4,27.2,56.4,42.6,40.3,14.9,20.5,7.1,181.4,82.2,4,2
47,0,2019,6,1044.7,0.0,25.4,2.1,15.3,33.0,169.6,265.7,230.0,158.4,99.0,34.8,8.0,922.7,88.3,1,3
47,0,2020,4,778.8,12.5,4.0,16.3,13.0,31.4,125.5,193.1,185.3,125.6,87.7,37.0,4.5,717.2,92.1,3,2
47,0,2021,2,1303.8,18.8,18.2,26.6,19.7,45.9,208.1,334.9,277.9,197.7,137.8,34.7,11.1,1156.4,88.7,1,1
47,0,2022,0,528.0,4.3,12.9,0.0,8.6,16.2,82.5,140.3,103.4,68.9,57.7,23.0,7.9,452.8,85.8,0,2
47,0,2023,7,1225.8,12.2,1.3,17.8,27.6,51.7,185.2,319.6,258.5,171.1,112.2,29.1,15.0,1046.6,85.4,1,1
47,0,2024,1,1827.5,10.3,18.0,17.7,35.1,82.2,273.3,464.6,392.1,275.1,192.5,45.2,17.2,1597.6,87.4,2,0
13,1,2015,1,1781.1,8.4,25.5,5.2,49.0,70.3,262.2,433.8,389.8,272.0,165.9,47.6,27.9,1523.7,85.5,2,0
13,1,2016,3,743.4,0.0,0.0,19.6,8.5,20.1,126.5,180.1,152.3,110.4,72.4,35.1,0.0,641.7,86.3,3,2
13,1,2017,5,218.2,0.0,14.3,0.7,0.0,11.5,33.9,45.5,51.1,27.9,14.0,6.9,0.0,172.4,79.0,4,2
13,1,2018,6,1062.2,22.0,0.3,4.0,17.8,35.7,150.7,273.7,228.6,147.7,107.4,20.6,6.3,908.1,85.5,1,1
13,1,2019,4,896.4,5.0,12.9,9.4,7.1,40.3,145.1,211.9,204.8,140.2,100.6,15.0,3.1,802.6,89.5,3,3
13,1,2020,2,1317.7,0.0,20.2,23.9,25.0,50.7,191.0,314.6,280.5,212.1,142.8,32.5,27.1,1141.0,86.6,2,1
13,1,2021,0,473.5,0.0,0.0,16.8,24.1,13.8,77.1,113.4,92.3,67.8,48.9,2.9,14.3,399.5,84.4,0,2
13,1,2022,7,1079.4,2.8,13.6,19.6,16.4,49.2,159.7,283.8,245.6,157.6,93.5,37.1,1.7,940.2,87.1,1,1
13,1,2023,1,1508.3,28.0,30.1,8.2,24.2,50.3,225.0,388.0,337.9,236.6,142.7,52.2,27.6,1330.2,88.2,2,0
13,1,2024,3,685.0,12.6,3.9,0.6,27.8,22.9,91.0,167.9,149.1,110.3,82.0,30.1,19.8,600.3,87.6,3,2
41,1,2015,3,698.1,13.6,1.3,0.0,9.9,33.9,98.0,185.4,162.3,95.5,64.7,30.7,0.0,605.9,86.8,3,2
41,1,2016,5,259.7,0.0,11.6,0.0,0.0,12.7,35.9,68.9,50.1,51.2,33.8,0.0,11.1,239.9,92.4,4,2
41,1,2017,6,1239.7,25.7,19.5,1.1,27.1,43.1,200.1,316.4,276.1,191.8,122.1,33.4,25.5,1106.5,89.3,1,1
41,1,2018,4,766.7,0.0,4.7,16.4,19.8,44.5,103.2,204.0,164.7,114.2,74.5,11.5,0.1,660.6,86.2,3,2
41,1,2019,2,1303.5,0.0,2.1,0.0,36.8,55.7,185.6,333.9,300.8,208.6,143.0,24.3,15.7,1171.9,89.9,2,1
41,1,2020,0,440.0,6.3,0.0,0.0,7.1,17.5,80.7,96.3,90.8,76.6,48.8,23.0,9.2,393.2,89.4,0,2
41,1,2021,7,1113.7,10.9,2.3,20.4,24.3,33.7,176.2,292.2,240.4,160.9,98.8,38.3,24.9,968.5,87.0,1,1
41,1,2022,1,1478.3,14.3,2.7,0.8,34.5,70.2,216.9,380.8,313.7,213.9,159.9,44.6,18.0,1285.2,86.9,2,0
41,1,2023,3,629.9,0.0,0.0,18.4,1.6,35.7,90.0,166.5,134.5,87.5,50.8,12.3,5.4,529.3,84.0,3,2
41,1,2024,5,354.4,2.1,17.7,4.8,0.0,11.6,58.8,80.6,83.9,53.3,21.2,18.9,5.4,297.8,84.0,4,2
29,1,2015,5,219.2,1.4,0.0,13.6,0.0,22.0,34.3,49.5,57.6,38.8,19.3,10.5,10.5,199.5,91.0,4,2
29,1,2016,6,1253.9,22.0,2.5,22.4,11.8,41.2,191.8,301.9,279.0,182.3,123.3,32.1,0.0,1078.3,86.0,1,1
29,1,2017,4,830.4,22.2,11.7,2.3,30.3,29.9,130.5,211.6,196.3,137.0,72.5,12.5,17.6,747.9,90.1,3,2
29,1,2018,2,1419.5,14.0,19.9,1.3,20.0,46.3,216.0,345.8,299.1,207.0,147.3,44.9,9.1,1215.2,85.6,2,1
29,1,2019,0,573.8,0.0,0.0,7.5,10.8,21.3,75.7,143.6,119.0,82.8,64.4,30.3,14.0,485.5,84.6,0,2
29,1,2020,7,1070.6,13.5,18.1,8.1,17.2,31.9,167.7,277.8,230.0,169.1,110.4,40.6,8.0,955.0,89.2,1,1
29,1,2021,1,1881.9,16.1,6.5,20.3,36.3,67.9,294.0,467.0,400.2,278.7,185.9,67.3,27.8,1625.8,86.4,2,0
29,1,2022,3,680.4,17.0,0.0,2.1,0.9,13.9,107.5,182.8,149.5,112.4,76.9,25.4,21.2,629.1,92.5,3,2
29,1,2023,5,364.9,0.0,12.3,9.4,4.3,1.9,46.2,100.2,72.7,69.7,42.3,10.3,5.8,331.1,90.7,4,2
29,1,2024,6,1185.7,25.9,1.7,5.0,30.0,39.6,189.0,291.8,251.3,164.3,121.4,45.3,5.1,1017.8,85.8,1,1
42,1,2015,6,1335.5,21.1,0.2,15.5,28.7,44.5,195.4,332.6,280.2,189.8,123.5,36.4,20.8,1121.5,84.0,1,1
42,1,2016,4,941.7,0.0,17.0,14.5,30.6,51.7,130.0,222.8,216.2,131.1,85.0,39.7,22.6,785.1,83.4,3,3
42,1,2017,2,1240.4,22.7,23.2,15.6,26.8,51.9,180.1,313.7,265.2,176.4,121.4,43.4,16.0,1056.8,85.2,1,1
42,1,2018,0,630.0,10.7,0.0,0.0,0.4,15.9,97.4,167.7,150.4,91.5,64.8,28.2,0.7,571.8,90.8,0,2
42,1,2019,7,1171.9,1.9,11.0,1.9,22.3,43.8,173.8,285.3,246.9,169.1,109.4,42.2,18.2,984.5,84.0,1,1
42,1,2020,1,1877.8,6.5,20.8,6.2,23.1,70.7,273.9,472.3,426.0,288.3,195.8,69.9,22.8,1656.3,88.2,2,0
42,1,2021,3,778.2,10.8,18.8,4.4,24.4,35.7,110.9,180.0,162.5,122.7,80.2,16.6,5.8,656.3,84.3,3,2
42,1,2022,5,353.0,0.0,1.5,1.0,8.3,14.8,49.0,96.1,64.7,39.0,32.9,22.5,0.0,281.7,79.8,4,2
42,1,2023,6,1113.8,24.0,1.2,7.4,29.1,37.4,159.0,275.4,253.6,179.4,97.3,23.4,24.9,964.7,86.6,1,1
42,1,2024,4,891.0,10.5,18.3,0.0,3.2,49.7,143.5,230.2,185.7,132.9,102.2,39.7,0.0,794.5,89.2,3,2
28,1,2015,4,979.3,0.0,24.3,7.3,33.8,35.2,140.7,239.3,222.4,137.9,108.9,32.1,23.9,849.2,86.7,3,2
28,1,2016,2,1614.2,6.7,29.8,2.5,18.1,77.9,256.0,393.0,353.4,242.0,172.2,52.3,24.4,1416.6,87.8,2,1
28,1,2017,0,559.1,10.0,12.7,12.7,0.0,10.4,79.8,126.6,119.5,80.6,68.5,18.8,11.8,475.0,85.0,0,2
28,1,2018,7,1319.5,11.5,0.0,6.8,35.8,64.8,193.5,323.7,303.0,193.5,136.5,33.0,1.1,1150.2,87.2,1,1
28,1,2019,1,1935.8,32.1,22.9,10.6,44.2,85.5,285.0,485.7,431.3,280.2,207.5,56.6,33.7,1689.7,87.3,2,0
28,1,2020,3,754.1,7.1,0.0,0.0,7.2,27.3,111.1,200.1,170.0,111.2,90.1,26.1,2.2,682.5,90.5,3,2
28,1,2021,5,380.5,3.7,15.2,15.7,3.6,17.1,50.1,98.9,98.5,67.1,34.0,0.0,17.8,348.6,91.6,4,2
28,1,2022,6,1247.7,6.3,7.0,12.2,38.7,64.5,181.0,307.5,274.9,172.4,115.0,50.5,0.0,1050.8,84.2,1,1
28,1,2023,4,832.7,5.9,15.3,1.4,10.8,27.5,136.1,200.0,185.1,139.9,90.1,20.1,16.3,751.2,90.2,3,2
28,1,2024,2,1599.3,12.2,22.2,3.3,43.8,51.9,236.1,401.1,344.7,244.4,161.6,54.5,11.6,1387.9,86.8,2,1
36,1,2015,2,1494.4,24.3,24.3,21.4,31.1,65.0,211.8,372.7,339.6,227.4,162.7,37.7,2.8,1314.2,87.9,1,1
36,1,2016,0,623.8,0.0,14.7,0.0,13.6,34.3,102.2,155.8,151.5,93.5,55.7,12.8,13.5,558.7,89.6,0,2
36,1,2017,7,1264.6,10.2,0.0,6.8,36.1,59.7,197.1,301.8,264.0,184.0,125.7,50.2,9.2,1072.6,84.8,1,1
36,1,2018,1,1901.9,21.2,31.5,26.2,48.7,66.5,274.1,476.8,424.3,298.9,186.3,52.5,19.5,1660.4,87.3,2,0
36,1,2019,3,890.1,10.9,15.6,5.3,28.7,26.1,128.0,230.7,190.9,138.6,82.6,17.3,2.9,770.8,86.6,3,2
36,1,2020,5,448.2,3.3,0.0,0.0,0.0,25.6,59.0,115.0,84.3,77.3,35.4,0.0,0.0,371.0,82.8,4,2
36,1,2021,6,1493.6,7.8,15.0,12.2,23.7,72.6,232.7,381.2,329.4,233.8,148.1,43.8,14.7,1325.2,88.7,1,1
36,1,2022,4,911.3,21.8,1.9,0.1,10.5,46.0,144.7,225.6,185.9,151.0,80.1,37.9,17.6,787.3,86.4,3,2
36,1,2023,2,1680.6,25.0,11.7,8.8,29.9,58.3,258.7,429.9,374.1,242.7,154.2,52.8,15.7,1459.6,86.8,2,1
36,1,2024,0,522.4,1.3,6.5,9.2,9.7,35.0,64.8,135.4,127.2,70.5,43.7,23.5,4.8,441.6,84.5,0,2
18,1,2015,0,658.3,9.3,19.3,0.0,2.8,31.9,96.2,174.6,142.7,105.1,67.8,8.3,13.1,586.4,89.1,0,2
18,1,2016,7,1242.5,0.9,14.3,7.5,23.6,47.4,174.5,300.4,261.0,177.1,134.8,23.0,10.4,1047.8,84.3,1,1
18,1,2017,1,2077.4,8.8,12.6,27.6,46.0,85.0,301.8,528.2,446.3,300.7,216.6,58.4,15.2,1793.6,86.3,2,0
18,1,2018,3,753.0,2.3,2.7,13.4,7.3,24.9,121.2,200.7,169.1,101.1,76.6,26.4,2.0,668.7,88.8,3,2
18,1,2019,5,402.2,12.5,6.3,0.0,14.0,27.9,52.8,114.3,96.6,54.3,43.7,6.3,0.0,361.7,89.9,4,2
18,1,2020,6,1353.8,18.5,17.0,2.8,23.4,65.5,193.0,324.9,288.6,195.6,143.9,45.1,0.0,1146.0,84.7,1,1
18,1,2021,4,795.8,10.0,12.0,0.0,19.2,24.0,114.5,196.2,163.6,133.3,93.8,22.2,0.7,701.4,88.1,3,2
18,1,2022,2,1565.8,25.2,22.4,14.5,28.6,71.0,235.5,396.3,346.5,241.2,144.4,43.3,5.7,1363.9,87.1,2,1
18,1,2023,0,493.2,0.0,5.0,0.0,23.8,20.3,60.6,128.8,101.6,62.2,59.2,5.7,0.0,412.4,83.6,0,2
18,1,2024,7,1071.0,17.6,15.4,0.0,13.1,49.0,150.2,270.1,227.0,159.1,118.1,26.2,16.3,924.5,86.3,1,3
14,1,2015,7,1331.5,1.2,9.1,23.6,40.8,63.6,189.6,328.2,302.9,201.3,141.4,48.3,0.4,1163.4,87.4,1,1
14,1,2016,1,2039.7,19.8,33.8,32.3,38.5,69.5,303.1,511.0,460.9,299.8,198.2,65.0,20.6,1773.0,86.9,2,0
14,1,2017,3,839.2,0.0,8.1,16.8,25.1,47.8,122.4,206.6,169.7,135.8,88.3,33.3,7.5,722.8,86.1,3,2
14,1,2018,5,480.0,0.0,0.0,1.1,0.0,6.8,74.0,111.5,109.4,84.9,57.7,6.9,0.0,437.5,91.1,4,2
14,1,2019,6,1582.6,30.7,12.1,14.6,21.0,69.6,235.0,404.7,350.5,223.7,153.3,56.7,21.5,1367.2,86.4,1,1
14,1,2020,4,1058.1,15.8,13.7,14.8,24.8,43.3,166.5,260.6,232.0,155.8,97.1,26.4,0.0,912.0,86.2,3,2
14,1,2021,2,1462.8,11.3,2.4,6.2,21.7,50.3,214.9,355.0,328.8,214.7,134.9,46.7,5.0,1248.3,85.3,1,1
14,1,2022,0,514.5,0.0,2.7,11.0,14.5,5.7,86.0,123.7,118.6,63.2,48.3,1.0,14.6,439.8,85.5,0,2
14,1,2023,7,1256.1,17.8,5.9,1.6,38.0,53.1,200.1,308.2,286.2,201.7,122.5,49.8,7.6,1118.7,89.1,1,3
14,1,2024,1,2027.2,35.1,33.8,12.1,50.7,76.4,318.5,517.3,458.1,306.3,196.5,51.7,21.1,1796.7,88.6,2,0
40,1,2015,1,2202.0,29.3,12.1,23.1,42.1,79.3,331.9,543.8,485.5,321.3,232.2,61.2,25.3,1914.7,87.0,2,0
40,1,2016,3,799.7,11.9,1.2,21.7,12.8,35.2,111.4,210.8,185.1,112.3,92.3,10.2,15.6,711.9,89.0,3,2
40,1,2017,5,353.5,13.6,2.5,0.0,0.0,29.0,48.1,78.2,87.0,39.4,22.3,4.5,0.0,275.0,77.8,4,2
40,1,2018,6,1550.5,21.2,16.1,24.7,35.9,52.2,224.2,398.7,336.2,231.0,151.8,33.1,21.6,1341.9,86.5,1,1
40,1,2019,4,1004.0,15.3,3.4,7.2,10.9,37.7,155.2,264.3,225.8,151.3,97.9,18.3,9.4,894.5,89.1,3,2
40,1,2020,2,1336.2,15.8,20.3,26.8,20.6,50.4,190.9,345.4,303.7,208.7,120.3,41.8,5.4,1169.0,87.5,1,1
40,1,2021,0,514.0,13.6,0.0,5.2,11.1,12.0,76.9,115.1,98.1,88.5,48.9,27.6,5.0,427.5,83.2,0,2
40,1,2022,7,1289.5,6.8,0.3,7.2,29.0,59.5,194.6,330.1,273.4,195.9,140.4,30.2,4.7,1134.4,88.0,1,1
40,1,2023,1,2254.2,31.9,15.0,17.5,49.0,87.1,341.8,563.4,504.1,348.5,236.3,71.0,25.9,1994.1,88.5,2,0
40,1,2024,3,863.2,0.0,2.6,0.0,15.4,45.0,132.4,221.1,180.6,122.3,76.2,36.2,2.0,732.6,84.9,3,2
19,1,2015,3,930.7,0.0,0.0,4.7,13.5,32.1,142.6,227.2,212.8,127.3,87.8,33.0,12.4,797.7,85.7,3,2
19,1,2016,5,285.5,1.0,0.0,6.8,0.0,16.5,41.7,64.6,70.2,33.5,18.1,0.0,13.7,228.1,79.9,4,2
19,1,2017,6,1450.8,15.0,3.0,2.7,24.0,58.5,223.6,362.7,329.1,213.9,130.9,41.3,2.1,1260.2,86.9,1,1
19,1,2018,4,1000.1,24.6,20.7,2.1,16.3,37.9,157.9,236.0,206.2,138.5,103.9,27.4,20.5,842.5,84.2,3,2
19,1,2019,2,1470.9,14.4,20.9,16.1,23.9,48.4,221.8,357.0,336.8,221.8,137.3,50.7,2.8,1274.7,86.7,1,1
19,1,2020,0,706.8,5.8,0.0,0.0,28.9,21.5,119.6,176.7,155.6,93.7,84.2,28.2,7.6,629.8,89.1,0,2
19,1,2021,7,1260.8,2.9,10.6,8.5,27.0,37.7,175.3,315.5,263.2,175.9,122.4,24.7,9.2,1052.3,83.5,1,3
19,1,2022,1,2008.6,10.7,17.2,8.7,35.7,78.4,311.2,515.1,436.1,295.1,202.9,49.4,15.6,1760.4,87.6,2,0
19,1,2023,3,826.9,4.6,0.0,10.1,20.8,47.7,114.9,197.9,195.3,135.0,86.2,35.0,0.0,729.3,88.2,3,2
19,1,2024,5,477.9,15.8,0.0,5.0,22.5,24.5,76.5,121.3,98.2,86.0,46.2,8.7,11.6,428.2,89.6,4,2
38,1,2015,5,422.0,0.0,0.0,0.0,0.0,20.7,63.5,97.6,79.5,48.9,49.4,3.3,0.0,338.9,80.3,4,2
38,1,2016,6,1317.7,2.7,24.4,5.4,40.0,42.6,190.3,340.5,287.7,190.7,137.6,26.1,24.9,1146.8,87.0,1,3
38,1,2017,4,1165.9,0.0,20.6,25.5,23.1,48.7,180.3,284.5,261.0,174.1,113.8,47.1,20.6,1013.7,86.9,3,3
38,1,2018,2,1855.7,28.7,4.8,21.8,43.0,79.2,271.5,461.7,394.4,266.2,187.4,58.1,9.6,1581.2,85.2,2,1
38,1,2019,0,642.7,5.6,0.0,0.0,16.6,40.5,100.9,149.3,151.0,94.3,51.8,22.3,0.0,547.3,85.2,0,2
38,1,2020,7,1391.3,8.5,18.2,11.8,15.9,47.1,208.7,356.5,291.4,212.1,127.6,44.9,24.0,1196.3,86.0,1,1
38,1,2021,1,2057.9,20.4,28.8,10.8,30.7,94.5,314.5,521.6,463.1,309.9,205.4,63.4,27.1,1814.5,88.2,2,0
38,1,2022,3,922.1,0.0,0.0,23.4,5.0,43.2,151.6,219.4,209.5,132.4,84.3,38.2,21.5,797.2,86.5,3,2
38,1,2023,5,353.6,7.5,0.0,12.2,18.5,8.7,57.6,99.7,63.3,63.7,37.5,8.0,4.2,321.8,91.0,4,2
38,1,2024,6,1615.3,22.8,16.2,15.8,44.3,56.6,230.2,409.2,361.4,244.4,154.4,42.3,19.7,1399.6,86.6,1,1
16,1,2015,6,1614.6,16.1,11.1,16.5,24.2,55.5,249.2,400.2,347.2,252.9,158.5,36.9,22.4,1408.0,87.2,1,1
16,1,2016,4,1164.0,13.6,15.4,25.5,14.0,40.1,187.6,297.5,254.6,181.6,113.8,32.2,1.3,1035.1,88.9,3,2
16,1,2017,2,1873.2,11.6,22.7,15.7,48.1,83.1,270.4,471.0,418.5,281.4,175.7,56.3,16.7,1617.0,86.3,1,1
16,1,2018,0,697.7,9.5,1.7,0.0,21.0,19.3,113.8,188.8,151.7,114.0,59.8,29.9,20.9,628.1,90.0,0,2
16,1,2019,7,1626.1,8.9,6.1,28.8,27.3,65.0,241.9,404.6,365.7,257.0,166.7,62.5,7.0,1435.9,88.3,1,1
16,1,2020,1,2633.7,31.9,32.8,34.0,47.7,116.8,384.0,651.8,578.5,397.8,257.2,91.2,24.9,2269.3,86.2,2,0
16,1,2021,3,984.1,19.4,23.8,5.2,21.3,41.9,156.7,235.6,226.7,154.3,84.5,31.5,0.0,857.8,87.2,3,2
16,1,2022,5,448.9,7.5,8.5,17.3,2.9,28.3,65.9,117.2,108.0,74.1,53.8,17.6,13.5,419.0,93.3,4,2
16,1,2023,6,1881.8,31.0,13.7,33.0,24.4,78.8,282.1,462.4,415.0,269.2,189.8,67.1,8.0,1618.5,86.0,1,1
16,1,2024,4,1177.6,15.7,7.6,9.2,18.7,46.6,172.8,283.7,250.0,164.0,116.8,45.7,0.0,987.3,83.8,3,2
30,1,2015,4,1437.3,12.0,25.5,10.3,34.6,54.5,216.9,367.6,330.2,204.6,144.6,32.1,0.3,1263.9,87.9,3,2
30,1,2016,2,2259.9,37.1,25.5,9.8,32.0,84.8,335.4,550.1,507.5,338.0,240.9,79.3,22.6,1971.9,87.3,2,1
30,1,2017,0,886.6,3.3,3.0,0.0,19.1,22.9,131.4,216.3,203.8,129.4,100.7,17.3,21.8,781.6,88.2,0,2
30,1,2018,7,1860.3,7.2,18.7,11.6,44.7,79.0,265.9,462.6,420.9,276.3,193.3,44.2,29.6,1619.0,87.0,1,1
30,1,2019,1,2904.8,42.5,30.2,37.1,72.3,123.1,438.0,722.2,625.3,433.7,287.9,96.8,19.7,2507.1,86.3,2,0
30,1,2020,3,1280.5,0.0,24.4,17.8,23.3,44.2,182.6,322.7,279.0,199.4,140.3,32.3,17.3,1124.0,87.8,3,2
30,1,2021,5,480.2,0.0,8.3,0.7,0.0,18.4,59.8,123.9,106.4,72.0,61.1,25.8,11.2,423.2,88.1,4,2
30,1,2022,6,1960.4,12.2,4.8,8.2,33.8,69.3,296.2,491.1,428.0,303.1,203.0,64.4,19.7,1721.4,87.8,1,1
30,1,2023,4,1229.7,10.1,12.3,10.7,9.7,53.8,177.2,293.8,270.6,197.1,108.8,22.3,14.9,1047.5,85.2,3,2
30,1,2024,2,2121.5,6.7,9.3,31.3,41.0,73.6,307.9,533.7,461.6,304.0,216.2,49.6,9.5,1823.4,85.9,1,1
6,1,2015,2,1793.2,7.2,25.8,5.7,25.3,70.1,258.2,455.7,394.1,280.4,165.5,64.5,7.5,1553.9,86.7,1,1
6,1,2016,0,950.8,4.3,9.8,0.0,25.9,29.4,155.1,242.6,202.7,135.5,85.2,37.6,7.7,821.1,86.4,0,2
6,1,2017,7,1668.0,30.3,25.7,19.3,42.4,55.3,255.4,411.7,372.6,264.1,175.2,52.0,24.0,1479.0,88.7,1,3
6,1,2018,1,2766.2,21.1,13.9,33.0,44.6,109.4,419.9,703.3,611.8,406.5,275.8,88.0,18.5,2417.3,87.4,2,0
6,1,2019,3,1230.4,20.2,13.0,23.1,16.3,50.3,196.4,313.7,279.9,176.2,125.2,31.6,17.1,1091.4,88.7,3,2
6,1,2020,5,494.8,8.7,8.5,12.0,18.9,6.7,87.7,120.9,99.0,86.9,58.0,12.5,7.9,452.5,91.5,4,2
6,1,2021,6,1727.9,14.7,14.3,24.9,32.5,76.8,267.9,428.5,378.3,259.8,157.9,42.7,27.7,1492.4,86.4,1,1
6,1,2022,4,1417.3,1.5,18.2,0.0,29.4,46.5,223.2,357.8,298.7,216.8,153.5,49.5,2.6,1250.0,88.2,3,2
6,1,2023,2,2122.3,24.5,25.2,30.1,36.6,80.6,309.4,529.3,464.2,305.9,204.5,52.3,22.9,1813.3,85.4,2,1
6,1,2024,0,710.9,1.9,16.6,9.3,14.8,41.8,104.7,189.2,158.7,103.8,66.5,33.4,9.1,622.9,87.6,0,2
20,1,2015,0,619.2,6.8,0.0,0.0,1.3,30.4,101.3,149.5,133.5,101.7,47.4,13.6,0.4,533.4,86.1,0,2
20,1,2016,7,1499.3,26.8,1.2,25.3,31.7,62.6,238.6,363.7,323.2,216.8,149.0,47.4,21.8,1291.3,86.1,1,1
20,1,2017,1,2020.8,18.0,32.9,19.1,49.9,69.2,296.8,512.3,448.2,301.4,207.2,68.8,32.1,1765.9,87.4,2,0
20,1,2018,3,976.9,14.0,6.2,22.6,19.0,36.4,159.7,229.3,209.9,156.7,96.2,24.8,12.4,851.8,87.2,3,2
20,1,2019,5,386.3,0.0,0.0,0.0,20.5,29.2,45.9,103.6,89.7,61.9,24.6,4.8,11.2,325.7,84.3,4,2
20,1,2020,6,1565.9,1.4,16.5,26.1,42.7,74.6,235.7,390.5,336.8,245.9,165.6,57.9,7.4,1374.5,87.8,1,1
20,1,2021,4,1016.9,16.1,22.6,22.7,21.2,44.9,140.9,247.5,224.9,164.0,101.2,33.3,0.0,878.5,86.4,3,2
20,1,2022,2,1960.6,19.4,9.4,14.8,39.6,67.6,285.0,502.6,442.5,282.8,189.4,62.9,12.4,1702.3,86.8,2,1
20,1,2023,0,550.6,11.5,0.0,0.3,4.5,11.6,71.7,127.0,135.2,89.4,68.3,18.7,0.4,491.6,89.3,0,2
20,1,2024,7,1374.1,13.2,13.5,22.1,28.3,45.8,215.5,333.0,303.2,192.4,133.5,46.4,2.9,1177.6,85.7,1,3
32,1,2015,7,1058.8,11.8,22.9,9.6,8.5,31.7,152.1,273.7,225.6,162.1,93.2,22.8,14.2,906.7,85.6,1,1
32,1,2016,1,1457.6,21.0,13.0,8.0,40.4,63.5,205.6,369.5,311.6,231.2,135.4,47.2,6.8,1253.3,86.0,2,0
32,1,2017,3,771.0,2.4,10.4,0.0,14.8,34.1,123.8,194.5,175.7,126.4,71.1,18.3,0.0,691.5,89.7,3,2
32,1,2018,5,303.1,17.2,10.1,17.8,4.7,19.5,35.3,73.4,71.0,44.0,16.2,3.6,8.3,239.9,79.1,4,2
32,1,2019,6,1082.9,9.3,21.5,3.9,25.1,53.7,171.6,262.9,224.8,155.7,98.6,18.3,5.0,913.6,84.4,1,1
32,1,2020,4,803.6,12.5,4.4,0.0,18.2,39.7,126.4,211.6,169.7,120.6,80.0,18.8,13.6,708.3,88.1,3,2
32,1,2021,2,1066.4,19.8,0.0,7.3,24.5,40.4,164.6,252.8,245.6,147.3,100.3,25.8,0.0,910.6,85.4,1,1
32,1,2022,0,408.3,14.6,12.4,11.2,13.8,3.6,55.2,87.3,76.6,47.4,31.8,0.0,0.0,298.3,73.1,0,2
32,1,2023,7,993.3,18.9,0.0,24.5,24.6,50.7,153.8,256.6,212.6,141.7,104.3,31.7,10.1,869.0,87.5,1,3
32,1,2024,1,1500.8,6.9,16.5,12.3,43.9,61.6,223.1,388.7,317.9,218.3,145.5,55.6,23.0,1293.5,86.2,2,0
46,1,2015,1,1610.6,27.3,3.0,15.9,36.9,58.8,228.7,395.4,353.9,236.1,158.5,36.1,1.5,1372.6,85.2,2,0
46,1,2016,3,780.4,0.0,1.6,12.7,25.9,25.9,121.6,194.3,158.2,114.3,63.9,37.3,15.7,652.3,83.6,3,2
46,1,2017,5,267.9,0.0,0.0,0.0,1.5,23.3,37.3,74.2,48.6,41.2,26.6,10.8,8.1,227.9,85.1,4,2
46,1,2018,6,1241.1,4.3,8.9,0.0,28.5,62.7,183.0,324.4,276.0,177.5,125.0,41.4,17.4,1085.9,87.5,1,1
46,1,2019,4,847.6,0.0,0.0,0.7,23.9,33.9,132.3,220.9,188.4,126.3,81.8,26.5,0.0,749.7,88.4,3,2
46,1,2020,2,1354.6,25.9,22.9,23.2,37.0,44.5,218.1,343.4,295.6,214.8,137.9,55.4,21.1,1209.8,89.3,2,1
46,1,2021,0,473.5,12.0,11.6,0.0,21.0,8.2,67.0,122.5,103.5,76.4,62.3,1.5,12.5,431.7,91.2,0,2
46,1,2022,7,1156.2,5.0,4.2,9.8,19.9,46.5,164.8,288.9,263.7,184.9,120.6,28.3,22.8,1022.9,88.5,1,1
46,1,2023,1,1675.9,8.7,5.8,30.6,21.2,67.9,242.4,430.0,359.5,258.5,157.5,63.4,21.7,1447.9,86.4,2,0
46,1,2024,3,706.4,20.9,7.8,3.6,4.0,34.9,108.9,168.3,147.9,97.6,70.5,7.6,0.7,593.2,84.0,3,2
54,1,2015,3,776.8,11.4,17.3,15.1,1.2,33.2,114.7,190.0,185.7,121.2,70.2,24.3,0.0,681.8,87.8,3,2
54,1,2016,5,357.8,0.0,0.0,0.0,0.0,22.6,60.5,89.0,72.9,50.4,47.3,0.0,0.0,320.1,89.5,4,2
54,1,2017,6,1086.9,11.5,0.0,0.0,27.7,41.9,176.5,284.1,232.4,159.4,121.2,35.0,7.0,973.6,89.6,1,1
54,1,2018,4,902.1,21.8,14.2,0.9,27.6,33.7,141.3,225.1,211.7,122.4,79.9,17.9,0.7,780.4,86.5,3,3
54,1,2019,2,1162.5,1.2,17.4,3.2,15.3,37.4,171.3,304.4,251.8,168.3,103.3,30.5,3.6,999.1,85.9,1,1
54,1,2020,0,566.4,0.0,0.0,0.0,5.0,33.0,93.7,144.0,118.3,79.5,59.4,24.2,2.2,494.9,87.4,0,2
54,1,2021,7,1109.4,22.7,15.6,12.2,9.3,34.7,157.4,281.0,232.3,152.3,106.7,39.8,16.9,929.7,83.8,1,1
54,1,2022,1,1931.0,25.2,22.7,18.9,29.9,79.3,293.7,471.5,426.8,277.6,194.5,47.7,7.9,1664.1,86.2,2,0
54,1,2023,3,674.5,19.1,9.7,0.0,0.6,28.1,90.5,177.0,148.3,108.0,64.3,26.3,12.3,588.1,87.2,3,2
54,1,2024,5,320.1,13.6,5.7,5.5,0.6,25.7,48.5,76.8,71.7,37.4,25.0,3.8,3.7,259.4,81.0,4,2
26,1,2015,5,296.7,0.0,0.0,4.7,16.6,9.4,43.8,67.9,74.5,33.1,19.8,23.9,8.4,239.1,80.6,4,2
26,1,2016,6,1009.3,18.9,25.0,0.8,28.9,35.6,158.3,258.5,237.0,139.7,86.0,37.7,12.2,879.5,87.1,1,1
26,1,2017,4,750.9,15.1,7.3,3.2,23.1,26.4,116.3,199.5,155.0,97.9,67.8,31.5,9.5,636.5,84.8,3,2
26,1,2018,2,1241.2,13.8,5.4,20.4,29.5,59.3,191.2,308.8,266.4,172.8,118.4,23.6,10.3,1057.6,85.2,2,1
26,1,2019,0,389.5,10.0,0.0,0.0,18.0,2.4,66.0,110.3,73.9,60.2,37.5,20.6,7.6,347.9,89.3,0,2
26,1,2020,7,898.4,0.0,8.5,20.8,30.1,24.7,145.6,210.6,185.4,148.8,86.5,14.1,8.1,776.9,86.5,1,3
26,1,2021,1,1282.6,0.0,14.7,4.2,29.3,46.3,181.4,335.2,274.7,179.3,121.6,31.0,6.8,1092.2,85.2,2,0
26,1,2022,3,609.8,15.3,0.0,1.7,0.3,38.9,80.8,151.8,133.6,99.9,54.1,25.4,0.0,520.2,85.3,3,2
26,1,2023,5,337.3,0.0,2.8,0.0,2.8,17.8,39.9,78.0,79.6,60.9,36.5,10.8,0.0,294.9,87.4,4,2
26,1,2024,6,910.9,22.9,0.0,8.6,25.9,27.7,135.4,227.5,193.2,148.0,103.8,34.8,0.0,807.9,88.7,1,1
31,1,2015,6,1058.5,2.5,3.6,1.1,23.3,40.7,149.6,277.6,225.0,167.1,91.6,22.3,20.2,910.9,86.1,1,1
31,1,2016,4,744.6,11.8,5.3,5.5,3.7,19.9,124.3,184.9,163.0,116.7,59.9,23.3,19.0,648.8,87.1,3,2
31,1,2017,2,1086.2,8.2,9.5,21.5,25.0,50.9,169.5,258.1,253.3,169.1,111.0,18.9,23.4,961.0,88.5,1,1
31,1,2018,0,444.5,16.8,2.0,6.8,20.7,16.6,57.1,108.9,94.2,73.6,54.7,0.0,4.3,388.5,87.4,0,2
31,1,2019,7,921.7,0.0,14.2,19.3,19.8,27.7,145.8,231.1,211.9,152.2,89.8,22.2,2.7,830.8,90.1,1,3
31,1,2020,1,1644.3,30.6,10.0,15.3,35.2,79.4,239.1,424.9,362.5,253.5,172.9,39.3,30.7,1452.9,88.4,2,0
31,1,2021,3,716.6,18.2,17.5,2.0,24.9,40.3,100.5,169.3,165.4,109.8,59.9,18.5,2.1,604.9,84.4,3,2
31,1,2022,5,298.9,0.6,7.4,12.0,12.2,15.5,57.0,67.2,66.0,52.5,21.6,0.3,8.5,264.3,88.4,4,2
31,1,2023,6,1096.7,22.6,9.4,17.5,12.1,38.3,168.5,263.6,254.9,153.3,118.0,27.5,18.0,958.3,87.4,1,1
31,1,2024,4,720.9,14.6,19.2,10.1,4.3,42.4,109.1,172.4,155.8,114.8,85.1,33.8,0.0,637.2,88.4,3,2
51,1,2015,4,816.1,10.9,5.5,7.1,25.2,43.0,127.2,190.8,188.8,108.2,78.2,22.8,8.3,693.2,84.9,3,3
51,1,2016,2,1042.4,8.0,19.0,3.6,30.2,27.1,145.6,273.4,228.4,142.9,107.6,30.0,0.0,897.9,86.1,1,1
51,1,2017,0,428.5,7.7,8.1,15.9,8.3,5.3,52.7,104.6,84.8,76.9,34.2,9.1,4.7,353.2,82.4,0,2
51,1,2018,7,948.4,14.4,12.6,22.7,28.9,41.0,140.7,240.5,212.3,135.3,85.2,29.0,3.7,814.0,85.8,1,3
51,1,2019,1,1510.9,0.2,20.6,1.8,37.3,51.7,216.6,380.7,346.9,224.3,162.2,32.2,15.4,1330.7,88.1,2,0
51,1,2020,3,683.5,3.1,0.0,0.0,10.3,34.6,117.2,169.8,144.2,97.9,56.1,19.0,10.6,585.2,85.6,3,2
51,1,2021,5,296.3,0.0,7.0,7.9,6.0,25.2,37.2,84.6,55.4,37.3,20.8,20.4,11.8,235.3,79.4,4,2
51,1,2022,6,1027.6,6.6,0.0,16.3,34.5,49.5,146.1,249.8,223.8,151.4,94.7,39.6,18.9,865.8,84.3,1,1
51,1,2023,4,785.9,0.0,20.4,3.0,1.6,35.6,125.0,201.6,169.6,128.7,74.3,24.7,20.5,699.2,89.0,3,2
51,1,2024,2,1214.7,0.0,20.5,24.2,34.1,47.9,192.0,290.9,259.9,193.2,107.7,33.4,23.0,1043.7,85.9,2,1
10,1,2015,2,989.9,0.0,8.7,16.9,14.3,51.8,161.7,237.5,205.6,142.5,98.1,19.4,2.1,845.4,85.4,1,1
10,1,2016,0,476.7,11.2,7.7,11.0,0.0,8.4,77.3,125.6,115.5,74.1,49.4,11.2,14.3,441.9,92.7,0,2
10,1,2017,7,946.1,8.0,5.7,0.0,27.7,43.0,140.1,236.7,220.0,153.3,85.0,38.9,9.8,835.1,88.3,1,1
10,1,2018,1,1218.3,6.5,17.8,24.0,12.6,52.0,188.1,297.9,275.7,170.8,114.0,21.6,12.3,1046.5,85.9,2,0
10,1,2019,3,554.2,0.0,17.0,0.0,13.1,15.3,86.1,143.2,128.7,77.0,41.8,27.3,19.6,476.8,86.0,3,2
10,1,2020,5,306.5,0.0,11.6,2.6,10.1,15.6,47.0,81.9,70.9,48.3,19.9,20.1,10.7,268.0,87.4,4,2
10,1,2021,6,1031.9,19.1,12.8,22.8,25.3,35.6,145.0,261.1,234.1,164.5,96.7,43.0,12.7,901.4,87.4,1,1
10,1,2022,4,702.5,16.3,20.0,0.7,10.8,40.1,115.4,172.6,153.6,111.9,57.1,17.1,0.0,610.6,86.9,3,2
10,1,2023,2,1013.6,18.3,0.0,24.7,19.3,48.7,147.6,253.0,236.9,157.7,87.1,22.4,2.9,882.3,87.0,1,1
10,1,2024,0,480.8,12.9,10.2,0.0,18.7,9.7,61.6,131.3,90.9,59.0,60.7,7.0,13.0,403.5,83.9,0,2
33,1,2015,0,451.7,0.0,13.4,0.0,14.9,14.5,69.1,126.3,92.2,61.8,38.9,9.7,6.8,388.3,86.0,0,2
33,1,2016,7,979.3,21.6,0.0,14.3,22.4,42.2,155.7,257.9,222.9,137.0,111.6,40.3,3.8,885.1,90.4,1,1
33,1,2017,1,1282.2,22.0,27.1,1.6,30.2,36.6,178.4,329.1,291.5,187.8,126.7,46.9,23.6,1113.5,86.8,2,0
33,1,2018,3,581.5,14.3,0.0,4.2,18.2,28.8,87.3,150.5,114.5,80.9,49.6,4.9,0.0,482.8,83.0,3,2
33,1,2019,5,316.2,15.1,4.2,2.7,5.2,26.4,60.7,70.5,57.4,34.1,27.4,7.0,0.0,250.1,79.1,4,2
33,1,2020,6,1069.0,20.8,18.0,10.2,33.0,56.1,172.0,260.1,246.1,155.9,95.6,39.4,20.0,929.7,87.0,1,1
33,1,2021,4,779.8,7.2,0.3,0.0,13.0,33.5,116.9,184.8,167.7,129.5,76.8,23.8,7.0,675.7,86.7,3,3
33,1,2022,2,1014.8,0.0,2.0,10.1,22.8,39.9,148.1,262.8,229.1,165.6,87.3,37.8,0.0,892.9,88.0,1,1
33,1,2023,0,389.5,16.4,12.2,8.8,4.8,2.1,51.2,96.8,83.4,57.2,24.9,15.7,2.4,313.5,80.5,0,2
33,1,2024,7,819.4,21.4,0.0,0.0,24.0,28.2,126.3,190.0,178.2,108.7,73.2,15.4,22.3,676.4,82.5,1,3
48,1,2015,7,1058.4,20.8,8.2,21.4,26.1,27.5,147.1,250.5,220.6,150.4,114.4,38.8,2.9,883.0,83.4,1,3
48,1,2016,1,1700.1,27.8,4.2,18.9,22.5,82.8,253.3,437.5,363.6,269.7,156.8,37.8,26.7,1480.9,87.1,2,0
48,1,2017,3,783.4,0.3,0.2,7.0,29.0,35.1,127.5,206.9,161.4,119.9,92.9,11.4,6.1,708.6,90.5,3,2
48,1,2018,5,361.8,18.3,0.0,0.8,14.8,17.3,65.6,78.5,80.9,57.5,45.6,21.2,2.8,328.1,90.7,4,2
48,1,2019,6,1198.4,0.0,17.7,0.0,28.4,48.1,193.4,289.5,260.2,190.5,120.3,45.4,12.2,1053.9,87.9,1,1
48,1,2020,4,877.9,20.2,0.0,20.2,7.9,42.8,133.7,214.5,206.9,141.9,81.4,17.4,4.5,778.4,88.7,3,2
48,1,2021,2,1202.2,1.8,25.1,23.7,35.3,46.8,189.0,296.4,275.3,192.5,121.4,35.4,13.0,1074.6,89.4,1,1
48,1,2022,0,458.8,0.0,1.2,13.1,14.6,28.6,67.4,103.4,101.6,55.0,43.8,4.8,14.9,371.2,80.9,0,2
48,1,2023,7,1015.7,9.4,6.7,20.5,22.2,39.9,155.2,245.9,224.1,147.9,89.8,39.2,6.0,862.9,85.0,1,3
48,1,2024,1,1636.1,1.4,2.5,8.9,27.6,71.4,241.5,417.9,362.6,240.9,153.3,34.1,12.9,1416.2,86.6,2,0
43,1,2015,1,1938.8,15.3,28.5,7.3,27.2,69.6,291.2,491.5,438.6,283.8,182.7,58.4,13.4,1687.8,87.1,2,0
43,1,2016,3,927.1,0.0,0.0,16.9,15.1,39.0,148.5,236.8,207.1,144.5,79.6,15.7,12.5,816.5,88.1,3,2
43,1,2017,5,318.0,18.1,12.8,16.0,0.0,16.5,33.5,86.6,56.2,52.9,23.2,12.3,0.0,252.4,79.4,4,2
43,1,2018,6,1169.8,17.3,10.2,18.4,10.1,47.7,162.1,281.8,265.9,167.3,104.8,24.3,0.9,981.9,83.9,1,3
43,1,2019,4,1033.2,13.0,19.1,3.0,24.5,53.3,156.0,269.4,218.8,169.0,90.7,38.8,1.4,903.9,87.5,3,3
43,1,2020,2,1263.4,14.4,7.1,4.3,23.4,65.2,193.5,309.2,292.5,182.9,132.9,30.8,20.9,1111.0,87.9,1,1
43,1,2021,0,614.7,8.3,4.9,0.0,15.6,35.8,78.1,160.7,146.6,95.7,54.2,14.0,13.6,535.3,87.1,0,2
43,1,2022,7,1218.3,0.0,0.3,5.7,21.2,44.7,191.9,296.2,265.3,192.2,130.6,27.7,8.1,1076.2,88.3,1,1
43,1,2023,1,1775.8,5.5,19.4,12.3,35.9,73.7,269.5,457.2,382.7,278.3,164.1,39.2,6.0,1551.8,87.4,2,0
43,1,2024,3,863.7,9.5,0.0,0.0,18.2,48.3,120.0,208.7,178.6,132.4,99.2,18.1,7.8,738.9,85.6,3,2
15,1,2015,3,942.3,15.7,10.3,13.6,25.8,44.5,140.9,229.0,198.5,153.9,81.0,23.4,15.1,803.3,85.2,3,2
15,1,2016,5,384.0,1.8,0.0,0.0,13.6,14.9,52.8,92.2,82.3,63.1,41.4,0.0,0.0,331.8,86.4,4,2
15,1,2017,6,1223.7,0.0,20.5,22.8,22.0,63.0,194.5,316.7,265.2,197.2,129.8,32.3,23.9,1103.4,90.2,1,3
15,1,2018,4,865.0,10.8,9.3,0.0,28.2,28.1,126.0,215.5,199.8,132.6,88.4,21.8,2.0,762.3,88.1,3,2
15,1,2019,2,1477.5,7.4,10.0,13.0,39.9,72.0,231.5,370.1,331.4,216.7,146.5,57.5,10.4,1296.2,87.7,1,1
15,1,2020,0,521.5,4.4,9.8,0.0,0.0,15.0,90.5,135.6,106.4,81.3,57.0,16.3,13.0,470.8,90.3,0,2
15,1,2021,7,1159.1,2.3,25.6,11.5,10.5,40.6,158.9,292.2,270.0,176.6,119.2,29.6,3.7,1016.9,87.7,1,3
15,1,2022,1,2069.5,32.7,6.0,22.8,39.2,86.4,320.6,515.8,446.8,306.7,196.5,49.6,17.0,1786.4,86.3,2,0
15,1,2023,3,888.1,1.8,21.4,14.5,23.4,41.3,118.3,231.4,207.9,118.8,91.8,31.9,0.0,768.2,86.5,3,2
15,1,2024,5,441.2,8.2,0.0,18.4,0.3,23.0,65.4,117.0,85.0,79.8,35.3,4.8,6.0,382.5,86.7,4,2
52,1,2015,5,337.4,1.6,0.0,0.0,15.0,25.6,42.6,92.6,60.1,37.0,30.5,0.0,0.0,262.8,77.9,4,2
52,1,2016,6,1469.6,25.4,23.1,9.8,40.6,69.0,221.2,366.7,310.1,210.0,134.5,44.9,20.0,1242.5,84.5,1,1
52,1,2017,4,1054.7,21.7,15.3,20.4,10.3,32.3,170.8,259.3,223.5,170.6,119.6,35.8,7.2,943.8,89.5,3,2
52,1,2018,2,1644.2,1.9,5.8,12.5,42.9,59.9,233.4,407.4,354.0,233.3,161.4,44.9,23.5,1389.5,84.5,2,1
52,1,2019,0,515.8,1.5,0.4,9.6,22.0,9.9,86.9,132.2,99.4,85.4,52.7,24.5,2.4,456.6,88.5,0,2
52,1,2020,7,1399.7,5.0,4.8,9.2,28.6,62.5,215.0,359.6,305.7,222.3,128.2,32.6,19.5,1230.8,87.9,1,1
52,1,2021,1,1977.6,9.7,31.4,6.8,54.3,90.0,307.7,498.3,426.8,305.6,184.4,61.8,18.0,1722.8,87.1,2,0
52,1,2022,3,950.1,0.0,6.1,8.8,8.6,35.4,154.8,236.6,201.6,143.5,81.8,22.3,18.0,818.3,86.1,3,2
52,1,2023,5,410.5,0.0,6.2,0.0,22.5,24.9,50.4,99.2,90.0,52.0,47.2,22.6,0.0,338.8,82.5,4,2
52,1,2024,6,1296.6,6.5,27.5,10.1,16.0,40.5,206.5,333.5,288.8,195.7,138.0,33.4,17.2,1162.5,89.7,1,3
12,1,2015,6,1492.8,17.2,5.0,29.5,39.2,59.4,227.5,381.0,327.2,231.1,157.5,43.6,5.6,1324.3,88.7,1,1
12,1,2016,4,1038.9,12.0,10.4,0.0,29.1,42.7,153.8,269.2,219.5,149.0,108.1,27.9,4.5,899.6,86.6,3,2
12,1,2017,2,1413.0,13.7,22.4,23.3,37.0,68.1,198.5,367.7,308.7,202.7,155.4,52.1,27.0,1233.0,87.3,1,1
12,1,2018,0,624.5,13.7,6.8,7.4,26.0,32.1,95.7,152.9,127.3,82.1,56.4,24.5,0.0,514.4,82.4,0,2
12,1,2019,7,1227.0,0.0,22.7,4.5,15.6,45.8,187.9,309.3,282.7,189.5,124.6,43.2,17.2,1094.0,89.2,1,3
12,1,2020,1,2313.9,25.3,32.4,35.1,52.2,88.3,340.5,582.6,513.0,332.8,238.8,61.1,9.8,2007.7,86.8,2,0
12,1,2021,3,822.3,12.9,8.9,18.6,4.6,42.8,127.9,197.0,188.0,130.6,70.5,17.7,12.4,714.0,86.8,3,2
12,1,2022,5,341.7,11.4,4.5,14.1,0.0,20.7,50.2,86.0,68.7,44.3,24.9,6.5,0.0,274.1,80.2,4,2
12,1,2023,6,1303.2,26.9,11.5,18.4,22.3,54.2,195.5,329.2,293.4,200.4,138.2,28.5,0.9,1156.7,88.8,1,1
12,1,2024,4,974.9,9.2,1.5,17.9,26.1,51.4,153.1,231.9,219.4,143.6,90.3,32.3,3.8,838.3,86.0,3,2
25,1,2015,4,1084.3,13.1,11.7,0.0,17.1,52.1,158.1,271.4,234.0,153.6,99.4,40.0,14.7,916.5,84.5,3,2
25,1,2016,2,1854.3,16.2,22.6,17.6,36.3,84.8,276.8,476.4,411.6,265.7,172.5,70.1,15.5,1603.0,86.4,2,1
25,1,2017,0,679.2,4.7,0.0,0.0,5.0,30.3,103.3,164.7,135.8,96.6,64.9,28.1,13.9,565.3,83.2,0,2
25,1,2018,7,1329.7,5.1,17.1,17.9,28.4,41.5,193.0,318.4,300.4,208.7,145.6,27.5,25.5,1166.1,87.7,1,3
25,1,2019,1,2565.0,40.6,34.0,18.5,44.2,108.2,390.1,646.1,559.9,385.4,250.5,79.9,33.8,2232.0,87.0,2,0
25,1,2020,3,986.7,7.8,10.6,18.0,11.7,31.1,147.6,246.5,202.8,150.5,96.2,31.9,22.3,843.6,85.5,3,2
25,1,2021,5,349.9,0.0,0.0,0.0,17.9,15.5,67.3,81.0,64.0,46.5,49.8,17.8,16.0,308.6,88.2,4,2
25,1,2022,6,1531.1,8.6,28.9,7.2,27.5,55.0,234.0,380.3,350.6,243.7,141.0,58.8,24.3,1349.6,88.1,1,1
25,1,2023,4,1132.0,7.2,16.7,20.6,32.6,54.5,164.4,273.5,250.4,162.4,121.7,20.3,9.1,972.4,85.9,3,2
25,1,2024,2,1773.8,5.2,23.3,9.7,24.3,65.2,251.6,447.3,385.2,280.9,165.3,65.1,17.7,1530.3,86.3,2,1
35,1,2015,2,1494.7,25.6,3.3,19.3,22.3,58.3,226.4,386.3,322.4,220.8,140.5,40.2,3.7,1296.4,86.7,1,1
35,1,2016,0,700.7,8.8,10.7,0.0,12.0,14.3,91.3,169.5,153.8,110.9,77.8,18.1,14.7,603.3,86.1,0,2
35,1,2017,7,1560.1,19.6,4.8,9.2,32.2,71.8,231.1,404.0,348.2,228.4,157.9,43.1,28.0,1369.6,87.8,1,1
35,1,2018,1,2017.2,12.0,8.1,29.3,31.1,88.0,304.4,514.2,458.6,292.2,191.2,64.6,6.3,1760.6,87.3,2,0
35,1,2019,3,1059.8,6.9,7.6,12.8,16.5,36.4,150.1,271.5,241.2,162.2,98.1,37.6,0.3,923.1,87.1,3,2
35,1,2020,5,516.5,3.6,4.4,0.0,13.8,35.2,80.2,133.7,107.3,72.3,42.5,15.9,0.0,436.0,84.4,4,2
35,1,2021,6,1613.1,15.1,19.9,3.3,43.8,60.9,233.2,403.3,367.8,247.8,156.5,42.5,21.0,1408.6,87.3,1,1
35,1,2022,4,1014.4,6.1,9.5,18.0,15.1,49.3,160.6,239.2,213.9,156.8,101.3,16.3,5.9,871.8,85.9,3,2
35,1,2023,2,1774.2,32.5,8.9,7.3,31.4,72.5,271.1,439.4,382.2,251.3,167.9,41.2,10.0,1511.9,85.2,2,1
35,1,2024,0,638.7,0.0,3.6,0.0,15.2,21.9,100.0,168.0,128.1,92.3,78.2,4.2,5.2,566.6,88.7,0,2
0,1,2015,0,709.8,16.8,0.8,15.4,0.0,28.1,101.1,186.7,153.2,93.6,77.2,6.7,2.1,611.8,86.2,0,2
0,1,2016,7,1551.9,22.8,9.9,3.6,40.8,47.4,244.0,376.2,330.2,222.8,144.6,55.4,24.8,1317.8,84.9,1,1
0,1,2017,1,2206.4,10.4,24.2,28.1,45.9,74.1,338.9,558.0,491.9,322.2,207.8,81.1,21.4,1918.8,87.0,2,0
0,1,2018,3,1087.0,0.0,11.0,11.0,10.4,39.0,174.8,277.5,246.1,174.4,103.0,41.3,0.0,975.8,89.8,3,2
0,1,2019,5,453.5,5.6,2.5,0.0,6.9,28.5,75.0,111.6,113.8,76.6,31.7,21.1,11.1,408.7,90.1,4,2
0,1,2020,6,1457.3,27.4,13.6,6.7,27.6,68.3,211.1,376.8,307.6,206.3,148.7,44.0,19.7,1250.5,85.8,1,3
0,1,2021,4,1047.5,3.3,16.6,5.8,15.1,51.5,166.0,269.2,234.3,170.8,90.4,21.0,9.3,930.7,88.8,3,2
0,1,2022,2,1656.4,10.4,31.0,2.9,18.9,79.3,238.3,400.4,363.2,259.9,159.8,62.7,27.5,1421.6,85.8,1,1
0,1,2023,0,655.6,4.6,19.3,0.0,0.0,16.9,90.1,154.3,130.2,104.9,55.4,18.3,0.0,534.9,81.6,0,2
0,1,2024,7,1506.1,12.0,27.5,21.2,42.3,59.9,216.0,373.8,334.2,227.2,162.5,48.0,7.8,1313.7,87.2,1,1
23,1,2015,7,1931.5,9.5,18.6,30.9,44.9,78.3,295.4,481.0,421.8,293.6,200.3,71.1,29.4,1692.1,87.6,1,1
23,1,2016,1,3214.2,20.6,46.8,23.2,51.7,133.3,487.3,817.8,715.3,478.9,324.4,99.7,40.1,2823.7,87.9,2,0
23,1,2017,3,1191.1,8.5,17.4,4.1,19.3,34.8,188.1,284.9,256.0,191.4,120.9,27.3,26.7,1041.3,87.4,3,2
23,1,2018,5,611.2,0.0,0.0,10.4,3.2,25.6,81.7,158.0,135.4,105.8,50.1,19.3,0.5,531.0,86.9,4,2
23,1,2019,6,1903.8,10.1,31.8,17.2,36.0,84.7,297.8,475.8,427.0,274.9,182.9,62.9,31.8,1658.4,87.1,1,1
23,1,2020,4,1208.1,1.1,26.3,0.0,10.4,49.3,172.9,296.0,269.3,176.8,135.7,28.1,23.0,1050.7,87.0,3,2
23,1,2021,2,2258.9,20.7,37.5,16.1,32.9,92.4,324.1,563.9,507.1,336.4,217.0,60.4,35.0,1948.5,86.3,2,1
23,1,2022,0,865.2,0.0,7.5,12.1,17.5,43.2,115.0,209.7,192.6,130.9,74.6,16.2,16.2,722.8,83.5,0,2
23,1,2023,7,1768.6,21.9,27.2,20.2,29.8,71.4,254.2,435.3,393.7,251.5,161.9,64.7,31.6,1496.6,84.6,1,1
23,1,2024,1,3164.1,23.1,39.3,30.3,50.4,135.4,483.9,797.7,711.0,489.4,306.8,103.8,36.4,2788.8,88.1,2,0
27,1,2015,1,2493.2,39.7,35.0,21.7,63.0,111.0,380.2,636.4,547.4,380.4,234.4,76.9,31.6,2178.8,87.4,2,0
27,1,2016,3,946.7,20.5,9.0,2.9,20.4,50.0,147.5,250.2,206.7,146.8,98.5,20.6,16.8,849.7,89.8,3,2
27,1,2017,5,288.4,5.1,0.0,0.0,20.2,8.1,43.8,77.0,63.4,50.0,14.6,14.0,0.0,248.8,86.3,4,2
27,1,2018,6,1682.4,6.1,2.7,3.7,34.3,58.8,260.0,407.3,362.2,262.3,154.6,59.1,5.2,1446.4,86.0,1,1
27,1,2019,4,1199.5,20.5,3.6,9.1,22.7,44.8,171.3,291.7,269.6,169.5,113.4,22.9,3.5,1015.5,84.7,3,3
27,1,2020,2,1424.4,20.2,11.4,10.6,28.1,49.8,209.5,358.8,305.1,212.5,144.7,31.9,8.5,1230.6,86.4,1,1
27,1,2021,0,689.1,3.9,13.4,0.0,12.9,37.2,92.6,184.1,150.0,102.8,73.0,21.9,16.6,602.5,87.4,0,2
27,1,2022,7,1356.5,2.5,6.5,28.5,15.1,55.2,211.7,349.1,312.1,218.3,137.2,32.9,14.2,1228.4,90.6,1,3
27,1,2023,1,2500.4,24.3,18.2,34.7,59.9,101.5,378.1,625.5,558.6,386.7,235.1,89.2,20.3,2184.0,87.3,2,0
27,1,2024,3,950.2,5.5,19.8,16.6,9.4,35.3,127.6,246.6,201.1,130.0,99.8,20.1,11.0,805.1,84.7,3,2
4,1,2015,3,998.7,18.7,24.4,0.0,30.2,39.6,136.3,250.3,219.2,161.5,95.1,37.7,0.0,862.4,86.4,3,2
4,1,2016,5,416.6,5.3,0.0,0.0,0.7,23.9,75.8,93.0,93.1,51.9,28.3,0.0,2.0,342.1,82.1,4,2
4,1,2017,6,1678.6,21.7,13.5,8.7,21.5,69.3,243.3,416.0,354.8,244.3,172.4,39.1,21.6,1430.8,85.2,1,1
4,1,2018,4,1338.1,24.5,3.1,12.4,38.6,60.4,211.7,331.1,294.4,212.6,131.7,45.2,11.1,1181.5,88.3,3,3
4,1,2019,2,1984.8,23.2,18.1,21.3,42.6,90.8,303.0,502.6,450.8,284.8,189.1,54.1,33.2,1730.3,87.2,2,1
4,1,2020,0,668.6,8.6,0.0,0.0,6.7,33.0,88.5,174.9,141.2,107.3,62.9,17.8,0.0,574.8,86.0,0,2
4,1,2021,7,1478.5,16.0,18.9,2.5,18.8,45.1,211.6,361.3,331.0,208.7,153.5,41.5,4.1,1266.1,85.6,1,3
4,1,2022,1,2985.2,30.0,23.7,16.5,54.1,122.8,440.1,748.4,650.1,434.1,295.9,85.3,22.2,2568.6,86.0,2,0
4,1,2023,3,1087.0,7.6,24.4,14.5,17.5,34.9,168.0,284.3,242.9,172.9,114.2,46.0,8.1,982.3,90.4,3,2
4,1,2024,5,531.8,5.6,0.0,0.0,8.4,26.1,90.7,118.9,130.3,91.3,64.4,20.2,4.3,495.6,93.2,4,2
