District,State,Year,Case_Type,Annual_Rainfall_mm,Flood_Occurred,Flood_Severity,Waterlogging_Days,Waterlogging_Severity,Affected_Villages,Affected_Population,Deaths,Cattle_Lost,Crop_Area_Damaged_Hectares,Economic_Loss_Crores,Relief_Camps,NDRF_Deployed
Visakhapatnam,Andhra Pradesh,0.0,urban_flood,0.47345411188023717,1.0,Moderate,0.5254237288135594,Severe,0.9839357429718875,0.8398905515520231,0.7974683544303798,0.9558321622164224,0.834329256065771,0.7803931388506321,0.6326530612244897,1.0
Visakhapatnam,Andhra Pradesh,0.11111111111111427,normal,0.3317656410426258,0.0,,0.0,,0.0,0.0,0.0,0.0,0.0,0.0,0.0,0.0
Visakhapatnam,Andhra Pradesh,0.22222222222220012,flood,0.4898155201536781,1.0,Severe,0.6779661016949152,Extreme,0.028112449799196783,0.22544576187946638,0.9493670886075949,0.8233286488656897,0.6704030479246039,0.6456742206084888,0.836734693877551,0.0
Visakhapatnam,Andhra Pradesh,0.3333333333333144,drought,0.19610505746365053,0.0,,0.0,,0.0,0.0,0.0,0.0,0.0,0.0,0.0,0.0
Visakhapatnam,Andhra Pradesh,0.44444444444442865,waterlogging,0.38313516377968404,1.0,Moderate,0.9661016949152542,Extreme,0.012048192771084336,0.25933468974572277,0.1518987341772152,0.7434250150572175,0.49049528774814516,0.6986352823337924,0.7959183673469387,1.0
Visakhapatnam,Andhra Pradesh,0.5555555555555429,extreme_flood,0.8205544331467561,1.0,Catastrophic,0.0847457627118644,Mild,0.16666666666666666,0.9178274683531616,0.6075949367088608,0.6918289500100382,0.7826549027471426,0.3777388255915863,0.16326530612244897,1.0
Visakhapatnam,Andhra Pradesh,0.6666666666666572,mild,0.3206703540555758,0.0,,0.0,,0.0,0.0,0.0,0.0,0.0,0.0,0.0,0.0
Visakhapatnam,Andhra Pradesh,0.7777777777777715,severe_drought,0.08972278342662206,0.0,,0.0,,0.0,0.0,0.0,0.0,0.0,0.0,0.0,0.0
Visakhapatnam,Andhra Pradesh,0.8888888888888857,urban_flood,0.45079985427085756,1.0,Moderate,0.8813559322033898,Extreme,0.3253012048192771,0.6433303599170116,0.569620253164557,0.8869704878538446,0.3854220974533788,0.7104044071616376,0.8775510204081632,0.0
Visakhapatnam,Andhra Pradesh,1.0,normal,0.3325605272745339,0.0,,0.0,,0.0,0.0,0.0,0.0,0.0,0.0,0.0,0.0
Vizianagaram,Andhra Pradesh,0.0,normal,0.300268274103269,0.0,,0.0,,0.0,0.0,0.0,0.0,0.0,0.0,0.0,0.0
Vizianagaram,Andhra Pradesh,0.11111111111111427,flood,0.4144669294207267,1.0,Severe,0.22033898305084745,Moderate,0.1004016064257028,0.17128882563418962,0.43037974683544306,0.2784581409355551,0.8343693603368759,0.86978840616001,0.14285714285714285,1.0
Vizianagaram,Andhra Pradesh,0.22222222222220012,drought,0.18928228397310637,0.0,,0.0,,0.0,0.0,0.0,0.0,0.0,0.0,0.0,0.0
Vizianagaram,Andhra Pradesh,0.3333333333333144,waterlogging,0.41403636604510985,1.0,Moderate,0.3559322033898305,Severe,0.41767068273092367,0.1309833321640123,0.43037974683544306,0.6890182694238105,0.6622819330258672,0.3713534493552022,0.26530612244897955,1.0
Vizianagaram,Andhra Pradesh,0.44444444444442865,extreme_flood,0.6922134269532675,1.0,Catastrophic,0.1864406779661017,Moderate,0.15261044176706826,0.4313932627063434,0.37974683544303794,0.018871712507528608,0.6623019851614197,0.7781394766495555,0.9999999999999999,1.0
Vizianagaram,Andhra Pradesh,0.5555555555555429,mild,0.27794521909051767,0.0,,0.0,,0.0,0.0,0.0,0.0,0.0,0.0,0.0,0.0
Vizianagaram,Andhra Pradesh,0.6666666666666572,severe_drought,0.1217169542609214,0.0,,0.0,,0.0,0.0,0.0,0.0,0.0,0.0,0.0,0.0
Vizianagaram,Andhra Pradesh,0.7777777777777715,urban_flood,0.42645646341867327,1.0,Moderate,0.5423728813559322,Severe,0.6787148594377509,0.7511009992683392,0.810126582278481,0.011644248142943184,0.4975937437337076,0.44860398146988856,0.7959183673469387,0.0
Vizianagaram,Andhra Pradesh,0.8888888888888857,normal,0.3138807008246945,0.0,,0.0,,0.0,0.0,0.0,0.0,0.0,0.0,0.0,0.0
Vizianagaram,Andhra Pradesh,1.0,flood,0.5699334282780778,1.0,Severe,0.9322033898305084,Extreme,0.3112449799196787,0.9855231375221754,0.16455696202531644,0.5900421602087934,0.18468016843793864,0.9527982972330036,0.26530612244897955,1.0
Srikakulam,Andhra Pradesh,0.0,flood,0.5589375020700164,1.0,Severe,0.847457627118644,Extreme,0.9136546184738955,0.5898890481392761,0.13924050632911392,0.21742621963461153,0.8446360537397233,0.4283210216601978,0.6122448979591836,0.0
Srikakulam,Andhra Pradesh,0.11111111111111427,drought,0.2194548405259497,0.0,,0.0,,0.0,0.0,0.0,0.0,0.0,0.0,0.0,0.0
Srikakulam,Andhra Pradesh,0.22222222222220012,waterlogging,0.3902891398668566,1.0,Moderate,0.4745762711864407,Severe,0.11244979919678713,0.07885299630160464,0.2911392405063291,0.868098775346316,0.9463805895327853,0.8155753098785525,0.16326530612244897,1.0
Srikakulam,Andhra Pradesh,0.3333333333333144,extreme_flood,0.6886033186500183,1.0,Catastrophic,0.9322033898305084,Extreme,0.4598393574297188,0.06959397833081093,0.45569620253164556,0.09757076892190324,0.25740926408662523,0.3242769500438212,0.2040816326530612,1.0
Srikakulam,Andhra Pradesh,0.44444444444442865,mild,0.3453449475043885,0.0,,0.0,,0.0,0.0,0.0,0.0,0.0,0.0,0.0,0.0
Srikakulam,Andhra Pradesh,0.5555555555555429,severe_drought,0.12638691087338128,0.0,,0.0,,0.0,0.0,0.0,0.0,0.0,0.0,0.0,0.0
Srikakulam,Andhra Pradesh,0.6666666666666572,urban_flood,0.43748550988639756,1.0,Moderate,0.3220338983050847,Moderate,0.5682730923694779,0.4813747206157979,0.9620253164556962,0.7062838787392091,0.7238018849007419,0.45949668210842615,0.0,1.0
Srikakulam,Andhra Pradesh,0.7777777777777715,normal,0.28433742920544497,0.0,,0.0,,0.0,0.0,0.0,0.0,0.0,0.0,0.0,0.0
Srikakulam,Andhra Pradesh,0.8888888888888857,flood,0.5414831252277019,1.0,Severe,0.6271186440677966,Severe,0.6325301204819277,0.1983923506359436,0.5949367088607594,0.943987151174463,0.49450571485863243,0.6776011017904094,0.3877551020408163,1.0
Srikakulam,Andhra Pradesh,1.0,drought,0.21256582651607991,0.0,,0.0,,0.0,0.0,0.0,0.0,0.0,0.0,0.0,0.0
East Godavari,Andhra Pradesh,0.0,drought,0.1988209187560031,0.0,,0.0,,0.0,0.0,0.0,0.0,0.0,0.0,0.0,0.0
East Godavari,Andhra Pradesh,0.11111111111111427,waterlogging,0.4015831484118836,1.0,Moderate,0.5084745762711864,Severe,0.9618473895582328,0.9505898389343811,0.569620253164557,0.04477012648062638,0.8572488470022057,0.3920120195317391,0.5918367346938775,1.0
East Godavari,Andhra Pradesh,0.22222222222220012,extreme_flood,0.8154539131586793,1.0,Catastrophic,0.3389830508474576,Severe,0.6184738955823292,0.7112124522666453,0.0759493670886076,0.9044368600682594,0.7086825746942049,0.9817202954801552,0.0,1.0
East Godavari,Andhra Pradesh,0.3333333333333144,mild,0.3203391514589475,0.0,,0.0,,0.0,0.0,0.0,0.0,0.0,0.0,0.0,0.0
East Godavari,Andhra Pradesh,0.44444444444442865,severe_drought,0.1011492730103004,0.0,,0.0,,0.0,0.0,0.0,0.0,0.0,0.0,0.0,0.0
East Godavari,Andhra Pradesh,0.5555555555555429,urban_flood,0.49902295233994637,1.0,Moderate,0.8813559322033898,Extreme,0.6044176706827309,0.646720054523769,0.7341772151898734,0.7904035334270227,0.06242229797473431,0.03267810191561287,0.4081632653061224,1.0
East Godavari,Andhra Pradesh,0.6666666666666572,normal,0.36521710330208995,0.0,,0.0,,0.0,0.0,0.0,0.0,0.0,0.0,0.0,0.0
East Godavari,Andhra Pradesh,0.7777777777777715,flood,0.49001424171165503,1.0,Severe,0.05084745762711865,Mild,0.4196787148594377,0.7054172972647911,0.7848101265822784,0.22726360168640836,0.39610988570282735,0.48992112182296227,0.7346938775510203,0.0
East Godavari,Andhra Pradesh,0.8888888888888857,drought,0.17672970556089163,0.0,,0.0,,0.0,0.0,0.0,0.0,0.0,0.0,0.0,0.0
East Godavari,Andhra Pradesh,1.0,waterlogging,0.49263074222501907,1.0,Moderate,0.6610169491525424,Severe,0.07429718875502007,0.8444849809066581,0.13924050632911392,0.06544870507930135,0.16007619811509927,0.2236133717290597,0.0,1.0
West Godavari,Andhra Pradesh,0.0,waterlogging,0.3785314476865499,1.0,Moderate,0.6949152542372882,Extreme,0.9618473895582328,0.7240515971254748,0.9873417721518987,0.31519775145553103,0.9640264688189292,0.8685363716038562,0.8571428571428571,1.0
West Godavari,Andhra Pradesh,0.11111111111111427,extreme_flood,0.6423674361606997,1.0,Catastrophic,0.2711864406779661,Moderate,0.8072289156626505,0.9434135487556754,0.34177215189873417,0.03673961051997591,0.9614798476037698,0.9708275948416175,0.673469387755102,0.0
West Godavari,Andhra Pradesh,0.22222222222220012,mild,0.2743682310469314,0.0,,0.0,,0.0,0.0,0.0,0.0,0.0,0.0,0.0,0.0
West Godavari,Andhra Pradesh,0.3333333333333144,severe_drought,0.027158612923525324,0.0,,0.0,,0.0,0.0,0.0,0.0,0.0,0.0,0.0,0.0
West Godavari,Andhra Pradesh,0.44444444444442865,urban_flood,0.4420229854602061,1.0,Moderate,0.5423728813559322,Severe,0.8072289156626505,0.16675252823910278,0.5443037974683544,0.939369604497089,0.5696210146380589,0.8398647802679353,0.7551020408163265,1.0
West Godavari,Andhra Pradesh,0.5555555555555429,normal,0.25476103732653266,0.0,,0.0,,0.0,0.0,0.0,0.0,0.0,0.0,0.0,0.0
West Godavari,Andhra Pradesh,0.6666666666666572,flood,0.44314907428874245,1.0,Severe,0.9491525423728814,Extreme,0.9397590361445782,0.8305353151654256,0.5063291139240507,0.6330054205982735,0.7415279727290957,0.7040190309252534,0.7346938775510203,0.0
West Godavari,Andhra Pradesh,0.7777777777777715,drought,0.1908720564369225,0.0,,0.0,,0.0,0.0,0.0,0.0,0.0,0.0,0.0,0.0
West Godavari,Andhra Pradesh,0.8888888888888857,waterlogging,0.35581094955784454,1.0,Moderate,0.1016949152542373,Mild,0.38152610441767065,0.7653894340152145,0.7468354430379747,0.008632804657699257,0.13781832765189492,0.7751345937147865,0.7551020408163265,1.0
West Godavari,Andhra Pradesh,1.0,extreme_flood,0.6054383466366378,1.0,Catastrophic,0.4915254237288136,Severe,0.3373493975903614,0.975027311998236,0.7215189873417721,0.3252358964063441,0.9623821937036294,0.6818580192813322,0.673469387755102,1.0
Krishna,Andhra Pradesh,0.0,extreme_flood,0.6830722352863248,1.0,Catastrophic,0.7288135593220338,Extreme,0.3473895582329317,0.6577831677908853,0.0379746835443038,0.7430234892591849,0.25367956687387205,0.3496932515337423,0.7959183673469387,1.0
Krishna,Andhra Pradesh,0.11111111111111427,mild,0.24975987811744443,0.0,,0.0,,0.0,0.0,0.0,0.0,0.0,0.0,0.0,0.0
Krishna,Andhra Pradesh,0.22222222222220012,severe_drought,0.04421554664988574,0.0,,0.0,,0.0,0.0,0.0,0.0,0.0,0.0,0.0,0.0
Krishna,Andhra Pradesh,0.3333333333333144,urban_flood,0.33309045142913923,1.0,Moderate,0.03389830508474576,Mild,0.07228915662650602,0.555021899712347,0.16455696202531644,0.1029913671953423,0.8353519149789452,0.20245398773006132,0.08163265306122448,1.0
Krishna,Andhra Pradesh,0.44444444444442865,normal,0.24436127579240224,0.0,,0.0,,0.0,0.0,0.0,0.0,0.0,0.0,0.0,0.0
Krishna,Andhra Pradesh,0.5555555555555429,flood,0.4471566257079456,1.0,Severe,0.423728813559322,Severe,0.4738955823293172,0.953117576899562,0.45569620253164556,0.5209797229471994,0.6227792259875676,0.8580192813321647,0.1020408163265306,1.0
Krishna,Andhra Pradesh,0.6666666666666572,drought,0.1367866724075117,0.0,,0.0,,0.0,0.0,0.0,0.0,0.0,0.0,0.0,0.0
Krishna,Andhra Pradesh,0.7777777777777715,waterlogging,0.38161163183519364,1.0,Moderate,0.5254237288135594,Severe,0.644578313253012,0.10643560883204875,0.45569620253164556,0.3926922304758081,0.8334670142370163,0.5627895329911106,0.7551020408163265,0.0
Krishna,Andhra Pradesh,0.8888888888888857,extreme_flood,0.642698638757328,1.0,Catastrophic,0.4576271186440678,Severe,0.3975903614457831,0.1429144157236928,1.0,0.3860670548082714,0.1692600761981151,0.6261424815324903,0.4081632653061224,1.0
Krishna,Andhra Pradesh,1.0,mild,0.28238333388533765,0.0,,0.0,,0.0,0.0,0.0,0.0,0.0,0.0,0.0,0.0
Guntur,Andhra Pradesh,0.0,mild,0.27264597754446396,0.0,,0.0,,0.0,0.0,0.0,0.0,0.0,0.0,0.0,0.0
Guntur,Andhra Pradesh,0.11111111111111427,severe_drought,0.015434041002881455,0.0,,0.0,,0.0,0.0,0.0,0.0,0.0,0.0,0.0,0.0
Guntur,Andhra Pradesh,0.22222222222220012,urban_flood,0.35319444904448055,1.0,Moderate,0.5084745762711864,Severe,0.78714859437751,0.36075892275465304,0.9493670886075949,0.10018068660911464,0.5315019049528775,0.8083135094528608,0.6530612244897959,1.0
Guntur,Andhra Pradesh,0.3333333333333144,normal,0.23522008412545958,0.0,,0.0,,0.0,0.0,0.0,0.0,0.0,0.0,0.0,0.0
Guntur,Andhra Pradesh,0.44444444444442865,flood,0.3919120325903355,1.0,Severe,0.22033898305084745,Moderate,0.3132530120481927,0.4062481833762641,0.21518987341772153,0.8970086328046577,0.2759574894726288,0.454112933516965,0.8163265306122448,0.0
Guntur,Andhra Pradesh,0.5555555555555429,drought,0.10015566522041534,0.0,,0.0,,0.0,0.0,0.0,0.0,0.0,0.0,0.0,0.0
Guntur,Andhra Pradesh,0.6666666666666572,waterlogging,0.34067499089192865,1.0,Moderate,0.4915254237288136,Severe,0.9417670682730923,0.6735228969761359,0.34177215189873417,0.9620558120859265,0.120633647483457,0.9360210341805434,0.6122448979591836,1.0
Guntur,Andhra Pradesh,0.7777777777777715,extreme_flood,0.5027324214221841,1.0,Catastrophic,0.288135593220339,Moderate,0.24297188755020077,0.06298898499594079,0.12658227848101267,0.5836177474402731,0.3912372167635853,0.1160636033554526,0.6122448979591836,1.0
Guntur,Andhra Pradesh,0.8888888888888857,mild,0.2425727817706091,0.0,,0.0,,0.0,0.0,0.0,0.0,0.0,0.0,0.0,0.0
Guntur,Andhra Pradesh,1.0,severe_drought,0.06746596893319644,0.0,,0.0,,0.0,0.0,0.0,0.0,0.0,0.0,0.0,0.0
Prakasam,Andhra Pradesh,0.0,severe_drought,0.06852581724240718,0.0,,0.0,,0.0,0.0,0.0,0.0,0.0,0.0,0.0,0.0
Prakasam,Andhra Pradesh,0.11111111111111427,urban_flood,0.2997383499486636,1.0,Moderate,0.1864406779661017,Moderate,0.03614457831325301,0.08789953193749812,0.27848101265822783,0.39329451917285685,0.5419691197112493,0.27306873669713283,0.6326530612244897,1.0
Prakasam,Andhra Pradesh,0.22222222222220012,normal,0.21150597820686917,0.0,,0.0,,0.0,0.0,0.0,0.0,0.0,0.0,0.0,0.0
Prakasam,Andhra Pradesh,0.3333333333333144,flood,0.4098963335872554,1.0,Severe,0.3050847457627119,Moderate,0.895582329317269,0.7544125164122558,0.49367088607594933,1.0,0.25969520753960296,0.9868536371603857,0.2040816326530612,1.0
Prakasam,Andhra Pradesh,0.44444444444442865,drought,0.15573146093465373,0.0,,0.0,,0.0,0.0,0.0,0.0,0.0,0.0,0.0,0.0
Prakasam,Andhra Pradesh,0.5555555555555429,waterlogging,0.3176564104262578,1.0,Moderate,0.2033898305084746,Moderate,0.214859437751004,0.43415753761037557,0.6329113924050633,0.22324834370608312,0.740024062562663,0.6611994491047952,0.14285714285714285,0.0
Prakasam,Andhra Pradesh,0.6666666666666572,extreme_flood,0.5017719338919618,1.0,Catastrophic,0.4745762711864407,Severe,0.5923694779116465,0.5395768394254958,0.0379746835443038,0.8863681991567959,0.6903148185281732,0.34293226493051204,0.2857142857142857,0.0
Prakasam,Andhra Pradesh,0.7777777777777715,mild,0.2572119365415825,0.0,,0.0,,0.0,0.0,0.0,0.0,0.0,0.0,0.0,0.0
Prakasam,Andhra Pradesh,0.8888888888888857,severe_drought,0.04749445235650647,0.0,,0.0,,0.0,0.0,0.0,0.0,0.0,0.0,0.0,0.0
Prakasam,Andhra Pradesh,1.0,urban_flood,0.3669724770642202,1.0,Moderate,0.15254237288135594,Moderate,0.4497991967871485,0.8503984043779379,0.12658227848101267,0.6279863481228669,0.40830158411870865,0.4488543883811193,0.18367346938775508,0.0
Nellore,Andhra Pradesh,0.0,urban_flood,0.41506309409465775,1.0,Moderate,0.7627118644067796,Extreme,0.610441767068273,0.2510258286309924,0.31645569620253167,0.40393495282071873,0.19033487066372567,0.09277576061099285,0.7959183673469387,1.0
Nellore,Andhra Pradesh,0.11111111111111427,normal,0.2776471367535522,0.0,,0.0,,0.0,0.0,0.0,0.0,0.0,0.0,0.0,0.0
Nellore,Andhra Pradesh,0.22222222222220012,flood,0.42678766601530166,1.0,Severe,0.9322033898305084,Extreme,0.2008032128514056,0.4696380784380544,0.43037974683544306,0.5581208592652078,0.6623420894325246,0.7418304745210967,0.3877551020408163,0.0
Nellore,Andhra Pradesh,0.3333333333333144,drought,0.1408604643460405,0.0,,0.0,,0.0,0.0,0.0,0.0,0.0,0.0,0.0,0.0
Nellore,Andhra Pradesh,0.44444444444442865,waterlogging,0.40201371178750045,1.0,Moderate,0.3728813559322034,Severe,0.4277108433734939,0.4380223106451645,0.26582278481012656,0.3772334872515559,0.24820533386805696,0.9086014774007762,0.0,0.0
Nellore,Andhra Pradesh,0.5555555555555429,extreme_flood,0.744940880336502,1.0,Catastrophic,0.6101694915254238,Severe,0.48594377510040154,0.9672556703717439,0.8860759493670886,0.37321822927123066,0.9703027872468418,0.485163390509578,0.1020408163265306,0.0
Nellore,Andhra Pradesh,0.6666666666666572,mild,0.27108932534031066,0.0,,0.0,,0.0,0.0,0.0,0.0,0.0,0.0,0.0,0.0
Nellore,Andhra Pradesh,0.7777777777777715,severe_drought,0.054515947405027645,0.0,,0.0,,0.0,0.0,0.0,0.0,0.0,0.0,0.0,0.0
Nellore,Andhra Pradesh,0.8888888888888857,urban_flood,0.3574338422813235,1.0,Moderate,1.0,Extreme,0.8393574297188754,0.02684293345895182,0.6582278481012658,0.5141537843806465,0.9306196109885703,0.5556529360210342,0.9183673469387754,1.0
Nellore,Andhra Pradesh,1.0,normal,0.22733746232570468,0.0,,0.0,,0.0,0.0,0.0,0.0,0.0,0.0,0.0,0.0
Kurnool,Andhra Pradesh,0.0,normal,0.12347232802305173,0.0,,0.0,,0.0,0.0,0.0,0.0,0.0,0.0,0.0,0.0
Kurnool,Andhra Pradesh,0.11111111111111427,flood,0.2182956314377505,1.0,Severe,0.7288135593220338,Extreme,0.056224899598393566,0.4258867629519008,0.0379746835443038,0.16121260791005823,0.4742330058151193,0.8442469012144734,0.7142857142857142,0.0
Kurnool,Andhra Pradesh,0.22222222222220012,drought,0.06312721491736495,0.0,,0.0,,0.0,0.0,0.0,0.0,0.0,0.0,0.0,0.0
Kurnool,Andhra Pradesh,0.3333333333333144,waterlogging,0.21842811247640181,1.0,Moderate,0.864406779661017,Extreme,0.39959839357429716,0.589271646637868,0.8354430379746836,0.4633607709295322,0.7258873069981954,0.7942907224239388,0.44897959183673464,1.0
Kurnool,Andhra Pradesh,0.44444444444442865,extreme_flood,0.4050938959361442,1.0,Catastrophic,0.4745762711864407,Severe,0.38554216867469876,0.236689284676215,0.2911392405063291,0.38365790002007627,0.21918989372368158,0.1467384499812195,0.14285714285714285,1.0
Kurnool,Andhra Pradesh,0.5555555555555429,mild,0.161726227933627,0.0,,0.0,,0.0,0.0,0.0,0.0,0.0,0.0,0.0,0.0
Kurnool,Andhra Pradesh,0.6666666666666572,severe_drought,0.0347431523863147,0.0,,0.0,,0.0,0.0,0.0,0.0,0.0,0.0,0.0,0.0
Kurnool,Andhra Pradesh,0.7777777777777715,urban_flood,0.23084820984996524,1.0,Moderate,0.3728813559322034,Severe,0.9759036144578312,0.7877962975955419,0.3291139240506329,0.6934350532021683,0.7789252055343894,0.29748341054213095,0.3877551020408163,0.0
Kurnool,Andhra Pradesh,0.8888888888888857,normal,0.12943397476236218,0.0,,0.0,,0.0,0.0,0.0,0.0,0.0,0.0,0.0,0.0
Kurnool,Andhra Pradesh,1.0,flood,0.2827476567416289,1.0,Severe,0.4406779661016949,Severe,0.1184738955823293,0.618044962063885,0.7468354430379747,0.3768319614535234,0.6992981752556647,0.19919869788406158,0.14285714285714285,1.0
Kadapa,Andhra Pradesh,0.0,flood,0.35730136124267214,1.0,Severe,0.423728813559322,Severe,0.9437751004016064,0.7360588535976668,0.34177215189873417,0.24814294318409957,0.17118508121114898,0.9475397520971578,0.42857142857142855,1.0
Kadapa,Andhra Pradesh,0.11111111111111427,drought,0.09286920809459147,0.0,,0.0,,0.0,0.0,0.0,0.0,0.0,0.0,0.0,0.0
Kadapa,Andhra Pradesh,0.22222222222220012,waterlogging,0.24363263007981983,1.0,Moderate,0.2711864406779661,Moderate,0.7670682730923694,0.668589698615858,0.46835443037974683,0.5426621160409556,0.6457790254662121,0.762614248153249,0.061224489795918366,1.0
Kadapa,Andhra Pradesh,0.3333333333333144,extreme_flood,0.49412115390984673,1.0,Catastrophic,0.576271186440678,Severe,0.22489959839357426,0.4554819440129093,0.5063291139240507,0.020678578598674967,0.4824142771205133,0.6445473895079503,0.061224489795918366,1.0
Kadapa,Andhra Pradesh,0.44444444444442865,mild,0.19464776603848577,0.0,,0.0,,0.0,0.0,0.0,0.0,0.0,0.0,0.0,0.0
Kadapa,Andhra Pradesh,0.5555555555555429,severe_drought,0.009406153744245346,0.0,,0.0,,0.0,0.0,0.0,0.0,0.0,0.0,0.0,0.0
Kadapa,Andhra Pradesh,0.6666666666666572,urban_flood,0.2794356307753453,1.0,Moderate,0.6101694915254238,Severe,0.7228915662650601,0.9319214617181001,0.17721518987341772,0.990764906645252,0.4336274313214357,0.5443846250156504,0.1020408163265306,1.0
Kadapa,Andhra Pradesh,0.7777777777777715,normal,0.14851124432815554,0.0,,0.0,,0.0,0.0,0.0,0.0,0.0,0.0,0.0,0.0
Kadapa,Andhra Pradesh,0.8888888888888857,flood,0.30950882654920014,1.0,Severe,0.8135593220338984,Extreme,0.8433734939759036,0.8871217664097502,0.7848101265822784,0.8179080505922506,0.8035893322638861,0.7299361462376361,0.7959183673469387,1.0
Kadapa,Andhra Pradesh,1.0,drought,0.0769714834564303,0.0,,0.0,,0.0,0.0,0.0,0.0,0.0,0.0,0.0,0.0
Anantapur,Andhra Pradesh,0.0,drought,0.06412082270725002,0.0,,0.0,,0.0,0.0,0.0,0.0,0.0,0.0,0.0,0.0
Anantapur,Andhra Pradesh,0.11111111111111427,waterlogging,0.15268439704567283,1.0,Moderate,0.4406779661016949,Severe,0.38152610441767065,0.20364026339791327,0.3924050632911392,0.49989961855049186,0.24980950471225186,0.8263428070614748,0.8163265306122448,1.0
Anantapur,Andhra Pradesh,0.22222222222220012,extreme_flood,0.3543867783923426,1.0,Catastrophic,0.8305084745762712,Extreme,0.4738955823293172,0.4616098543694186,0.9240506329113924,0.3738205179682795,0.7493282534589933,0.08751721547514711,0.8571428571428571,0.0
Anantapur,Andhra Pradesh,0.3333333333333144,mild,0.13857516642930484,0.0,,0.0,,0.0,0.0,0.0,0.0,0.0,0.0,0.0,0.0
Anantapur,Andhra Pradesh,0.44444444444442865,severe_drought,0.012883781008843104,0.0,,0.0,,0.0,0.0,0.0,0.0,0.0,0.0,0.0,0.0
Anantapur,Andhra Pradesh,0.5555555555555429,urban_flood,0.17030437518630148,1.0,Moderate,0.1864406779661017,Moderate,0.6204819277108433,0.591224078658555,0.5949367088607594,0.4015257980325236,0.9800681772608782,0.6401652685614123,0.6326530612244897,1.0
Anantapur,Andhra Pradesh,0.6666666666666572,normal,0.1333752856622396,0.0,,0.0,,0.0,0.0,0.0,0.0,0.0,0.0,0.0,0.0
Anantapur,Andhra Pradesh,0.7777777777777715,flood,0.22329679064683866,1.0,Severe,0.7796610169491526,Extreme,0.16265060240963855,0.9646236957894421,0.9746835443037974,0.345111423408954,0.15708842991778624,0.06447977964191812,0.02040816326530612,1.0
Anantapur,Andhra Pradesh,0.8888888888888857,drought,0.077236445533733,0.0,,0.0,,0.0,0.0,0.0,0.0,0.0,0.0,0.0,0.0
Anantapur,Andhra Pradesh,1.0,waterlogging,0.15414168847083765,1.0,Moderate,0.7457627118644068,Extreme,0.5863453815261044,0.752566325559019,0.9113924050632911,0.611925316201566,0.483316623220373,0.7430825090772505,0.7142857142857142,1.0
Chittoor,Andhra Pradesh,0.0,waterlogging,0.30709104759381317,1.0,Moderate,0.7627118644067796,Extreme,0.2991967871485943,0.8434686738897297,0.05063291139240506,0.07307769524191929,0.3760376980148386,0.5339927381995743,0.36734693877551017,1.0
Chittoor,Andhra Pradesh,0.11111111111111427,extreme_flood,0.583214652402875,1.0,Catastrophic,0.9491525423728814,Extreme,0.8694779116465863,0.6611989215519228,0.4430379746835443,0.7123067657096969,0.3729697212753158,0.6982596719669463,0.24489795918367346,1.0
Chittoor,Andhra Pradesh,0.22222222222220012,mild,0.19487960785612563,0.0,,0.0,,0.0,0.0,0.0,0.0,0.0,0.0,0.0,0.0
Chittoor,Andhra Pradesh,0.3333333333333144,severe_drought,0.0833636935713576,0.0,,0.0,,0.0,0.0,0.0,0.0,0.0,0.0,0.0,0.0
Chittoor,Andhra Pradesh,0.44444444444442865,urban_flood,0.31961050574636507,1.0,Moderate,0.4915254237288136,Severe,0.5783132530120482,0.6165796357732052,0.06329113924050633,0.8034531218630797,0.7364547824343293,0.12833354200575936,0.9999999999999999,1.0
Chittoor,Andhra Pradesh,0.5555555555555429,normal,0.19140198059152785,0.0,,0.0,,0.0,0.0,0.0,0.0,0.0,0.0,0.0,0.0
Chittoor,Andhra Pradesh,0.6666666666666572,flood,0.3152386314708707,1.0,Severe,0.9322033898305084,Extreme,0.7931726907630522,0.641081254447596,0.3291139240506329,0.48062638024493076,0.9865650691798676,0.2997370727432077,0.061224489795918366,0.0
Chittoor,Andhra Pradesh,0.7777777777777715,drought,0.12893717086741963,0.0,,0.0,,0.0,0.0,0.0,0.0,0.0,0.0,0.0,0.0
Chittoor,Andhra Pradesh,0.8888888888888857,waterlogging,0.31070115589706226,1.0,Moderate,0.8135593220338984,Extreme,0.9076305220883534,0.44281719503272426,0.0379746835443038,0.2963260389480024,0.08592340084218969,0.021785401277075244,0.18367346938775508,1.0
Chittoor,Andhra Pradesh,1.0,extreme_flood,0.5368131686152421,1.0,Catastrophic,0.864406779661017,Extreme,0.2469879518072289,0.378900103234342,0.9873417721518987,0.4776149367596868,0.5726889913775817,0.7248028045574058,0.9387755102040816,1.0
Alluri Sitharama Raju,Andhra Pradesh,0.0,extreme_flood,0.9036862849004739,1.0,Catastrophic,0.3389830508474576,Severe,0.9999999999999999,0.49374279614725425,0.06329113924050633,0.37703272435253965,0.7601764587928614,0.32915988481282077,0.3061224489795918,1.0
Alluri Sitharama Raju,Andhra Pradesh,0.11111111111111427,mild,0.39952969231278773,0.0,,0.0,,0.0,0.0,0.0,0.0,0.0,0.0,0.0,0.0
Alluri Sitharama Raju,Andhra Pradesh,0.22222222222220012,severe_drought,0.14536481966018616,0.0,,0.0,,0.0,0.0,0.0,0.0,0.0,0.0,0.0,0.0
Alluri Sitharama Raju,Andhra Pradesh,0.3333333333333144,urban_flood,0.6177922034908755,1.0,Moderate,0.847457627118644,Extreme,0.5883534136546185,0.3731189800847925,0.810126582278481,0.447098976109215,0.6925606577100462,0.8612745711781644,0.44897959183673464,1.0
Alluri Sitharama Raju,Andhra Pradesh,0.44444444444442865,normal,0.3661775908323122,0.0,,0.0,,0.0,0.0,0.0,0.0,0.0,0.0,0.0,0.0
Alluri Sitharama Raju,Andhra Pradesh,0.5555555555555429,flood,0.7553075216109696,1.0,Severe,0.2033898305084746,Moderate,0.646586345381526,0.9112365068705963,1.0,0.5059225055209797,0.6174854622017245,0.995993489420308,0.16326530612244897,1.0
Alluri Sitharama Raju,Andhra Pradesh,0.6666666666666572,drought,0.2616831715960653,0.0,,0.0,,0.0,0.0,0.0,0.0,0.0,0.0,0.0,0.0
Alluri Sitharama Raju,Andhra Pradesh,0.7777777777777715,waterlogging,0.5334680223892957,1.0,Moderate,0.11864406779661017,Moderate,0.859437751004016,0.2005572649915308,0.3670886075949367,0.0,0.6371566071786645,0.5045699261299611,0.9387755102040816,1.0
Alluri Sitharama Raju,Andhra Pradesh,0.8888888888888857,extreme_flood,0.9389593614413939,1.0,Catastrophic,0.23728813559322035,Moderate,0.6044176706827309,0.6150020546640875,0.5822784810126582,0.3683999196948404,0.5687186685381993,0.027169149868536368,0.0,1.0
Alluri Sitharama Raju,Andhra Pradesh,1.0,mild,0.41198290994601405,0.0,,0.0,,0.0,0.0,0.0,0.0,0.0,0.0,0.0,0.0
Anakapalli,Andhra Pradesh,0.0,mild,0.3437220547809095,0.0,,0.0,,0.0,0.0,0.0,0.0,0.0,0.0,0.0,0.0
Anakapalli,Andhra Pradesh,0.11111111111111427,severe_drought,0.0759447554068824,0.0,,0.0,,0.0,0.0,0.0,0.0,0.0,0.0,0.0,0.0
Anakapalli,Andhra Pradesh,0.22222222222220012,urban_flood,0.40019209750604445,1.0,Moderate,0.5254237288135594,Severe,0.7329317269076304,0.33309412366070984,0.21518987341772153,0.7626982533627785,0.3283136154000401,0.24477275572805807,0.6122448979591836,1.0
Anakapalli,Andhra Pradesh,0.3333333333333144,normal,0.2593647534196668,0.0,,0.0,,0.0,0.0,0.0,0.0,0.0,0.0,0.0,0.0
Anakapalli,Andhra Pradesh,0.44444444444442865,flood,0.5568509257112577,1.0,Severe,0.9661016949152542,Extreme,0.5883534136546185,0.9748829843745302,0.7468354430379747,0.15840192732383057,0.5291157008221375,0.26380368098159507,0.7346938775510203,1.0
Anakapalli,Andhra Pradesh,0.5555555555555429,drought,0.1886529990395125,0.0,,0.0,,0.0,0.0,0.0,0.0,0.0,0.0,0.0,0.0
Anakapalli,Andhra Pradesh,0.6666666666666572,waterlogging,0.3999271354287418,1.0,Moderate,0.864406779661017,Extreme,0.5943775100401606,0.4094795185070109,0.7594936708860759,0.4117647058823529,0.912271906958091,0.498184549893577,0.5714285714285714,1.0
Anakapalli,Andhra Pradesh,0.7777777777777715,extreme_flood,0.6306759844997186,1.0,Catastrophic,0.1016949152542373,Mild,0.5321285140562249,0.09400138313972718,0.8354430379746836,0.5063240313190123,0.9793262482454381,0.07637410792537873,0.8775510204081632,0.0
Anakapalli,Andhra Pradesh,0.8888888888888857,mild,0.32348557612691686,0.0,,0.0,,0.0,0.0,0.0,0.0,0.0,0.0,0.0,0.0
Anakapalli,Andhra Pradesh,1.0,severe_drought,0.10737588182691353,0.0,,0.0,,0.0,0.0,0.0,0.0,0.0,0.0,0.0,0.0
Bapatla,Andhra Pradesh,0.0,severe_drought,0.03239161395025336,0.0,,0.0,,0.0,0.0,0.0,0.0,0.0,0.0,0.0,0.0
Bapatla,Andhra Pradesh,0.11111111111111427,urban_flood,0.3677342430364654,1.0,Moderate,0.5932203389830508,Severe,0.465863453815261,0.5424894510538923,0.20253164556962025,0.8193133908853644,0.24347302987768196,0.8729184925503943,0.26530612244897955,0.0
Bapatla,Andhra Pradesh,0.22222222222220012,normal,0.24085052826814163,0.0,,0.0,,0.0,0.0,0.0,0.0,0.0,0.0,0.0,0.0
Bapatla,Andhra Pradesh,0.3333333333333144,flood,0.36256748252906307,1.0,Severe,0.3220338983050847,Moderate,0.251004016064257,0.2726208493279745,0.18987341772151897,0.36659305360369404,0.27150591537998797,0.8840616001001628,0.7142857142857142,1.0
Bapatla,Andhra Pradesh,0.44444444444442865,drought,0.11883549167025471,0.0,,0.0,,0.0,0.0,0.0,0.0,0.0,0.0,0.0,0.0
Bapatla,Andhra Pradesh,0.5555555555555429,waterlogging,0.2922531712648628,1.0,Moderate,0.6271186440677966,Severe,0.8413654618473895,0.25299229250398403,0.5443037974683544,0.32182292712306765,0.9383597353118107,0.3210216601978214,0.9387755102040816,1.0
Bapatla,Andhra Pradesh,0.6666666666666572,extreme_flood,0.7005266121286393,1.0,Catastrophic,0.22033898305084745,Moderate,0.9277108433734939,0.40668918444869856,0.8481012658227848,0.5643445091347119,0.7111289352316021,0.9009640666082384,0.7346938775510203,0.0
Bapatla,Andhra Pradesh,0.7777777777777715,mild,0.2795349915543338,0.0,,0.0,,0.0,0.0,0.0,0.0,0.0,0.0,0.0,0.0
Bapatla,Andhra Pradesh,0.8888888888888857,severe_drought,0.06567747491140331,0.0,,0.0,,0.0,0.0,0.0,0.0,0.0,0.0,0.0,0.0
Bapatla,Andhra Pradesh,1.0,urban_flood,0.3856191832543967,1.0,Moderate,0.9830508474576272,Extreme,0.9136546184738955,0.9668287011516141,0.6329113924050633,0.25617345914475004,0.6454782434329256,0.5511456116188806,0.5510204081632653,1.0
Eluru,Andhra Pradesh,0.0,urban_flood,0.38005497963104035,1.0,Moderate,0.7627118644067796,Extreme,0.6044176706827309,0.907004901125555,0.4050632911392405,0.3830556113230275,0.011409665129336274,1.0,0.16326530612244897,0.0
Eluru,Andhra Pradesh,0.11111111111111427,normal,0.2531381446030537,0.0,,0.0,,0.0,0.0,0.0,0.0,0.0,0.0,0.0,0.0
Eluru,Andhra Pradesh,0.22222222222220012,flood,0.4464279799953632,1.0,Severe,0.22033898305084745,Moderate,0.7128514056224899,0.49104667595441653,0.5189873417721519,0.25396506725557116,0.28804892721074793,0.42005759358958306,0.2040816326530612,0.0
Eluru,Andhra Pradesh,0.3333333333333144,drought,0.12009406153744247,0.0,,0.0,,0.0,0.0,0.0,0.0,0.0,0.0,0.0,0.0
Eluru,Andhra Pradesh,0.44444444444442865,waterlogging,0.41403636604510985,1.0,Moderate,0.3898305084745763,Severe,0.8313253012048192,0.07717719222635383,0.8860759493670886,0.5217827745432644,0.9133146180068177,0.6598222110930261,0.061224489795918366,1.0
Eluru,Andhra Pradesh,0.5555555555555429,extreme_flood,0.703010631603352,1.0,Catastrophic,0.9661016949152542,Extreme,0.6204819277108433,0.7611397873172101,0.0379746835443038,0.9781168440072275,0.24682173651493886,0.6878677851508701,0.08163265306122448,1.0
Eluru,Andhra Pradesh,0.6666666666666572,mild,0.2947703109992382,0.0,,0.0,,0.0,0.0,0.0,0.0,0.0,0.0,0.0,0.0
Eluru,Andhra Pradesh,0.7777777777777715,severe_drought,0.08333057331169476,0.0,,0.0,,0.0,0.0,0.0,0.0,0.0,0.0,0.0,0.0
Eluru,Andhra Pradesh,0.8888888888888857,urban_flood,0.4225482727784586,1.0,Moderate,0.06779661016949153,Mild,0.8975903614457831,0.9588445771902219,0.12658227848101267,0.03131901224653684,0.9057750150391016,0.6297733817453361,0.6122448979591836,1.0
Eluru,Andhra Pradesh,1.0,normal,0.26509455834133744,0.0,,0.0,,0.0,0.0,0.0,0.0,0.0,0.0,0.0,0.0
Konaseema,Andhra Pradesh,0.0,normal,0.36912529394230453,0.0,,0.0,,0.0,0.0,0.0,0.0,0.0,0.0,0.0,0.0
Konaseema,Andhra Pradesh,0.11111111111111427,flood,0.5641705030967444,1.0,Severe,0.6610169491525424,Severe,0.8855421686746987,0.4636705321078849,0.8481012658227848,0.9771130295121462,0.07750150391016643,0.10266683360460747,0.16326530612244897,1.0
Konaseema,Andhra Pradesh,0.22222222222220012,drought,0.18623522008412546,0.0,,0.0,,0.0,0.0,0.0,0.0,0.0,0.0,0.0,0.0
Konaseema,Andhra Pradesh,0.3333333333333144,waterlogging,0.43394164210247416,1.0,Moderate,0.4067796610169492,Severe,0.018072289156626505,0.5713790303990057,0.22784810126582278,0.6159405741818912,0.297333065971526,0.6664579942406409,0.9591836734693877,1.0
Konaseema,Andhra Pradesh,0.44444444444442865,extreme_flood,0.8143609445898057,1.0,Catastrophic,0.576271186440678,Severe,0.8072289156626505,0.4661922564220781,0.5569620253164557,0.800642441276852,0.828814918788851,0.7681232002003254,0.9999999999999999,0.0
Konaseema,Andhra Pradesh,0.5555555555555429,mild,0.3302752293577982,0.0,,0.0,,0.0,0.0,0.0,0.0,0.0,0.0,0.0,0.0
Konaseema,Andhra Pradesh,0.6666666666666572,severe_drought,0.09180935978538073,0.0,,0.0,,0.0,0.0,0.0,0.0,0.0,0.0,0.0,0.0
Konaseema,Andhra Pradesh,0.7777777777777715,urban_flood,0.45517172854635185,1.0,Moderate,0.288135593220339,Moderate,0.19477911646586343,0.19320657893418058,0.1518987341772152,0.5812085926520779,0.7914577902546621,0.3855014398397395,0.3469387755102041,1.0
Konaseema,Andhra Pradesh,0.8888888888888857,normal,0.35316132878481765,0.0,,0.0,,0.0,0.0,0.0,0.0,0.0,0.0,0.0,0.0
Konaseema,Andhra Pradesh,1.0,flood,0.5048852383002684,1.0,Severe,0.288135593220339,Moderate,0.9598393574297188,0.5808725807583214,0.5569620253164557,0.27102991367195345,0.82362141568077,0.8418680355577813,0.12244897959183673,1.0
Parvathipuram Manyam,Andhra Pradesh,0.0,flood,0.7082105123704171,1.0,Severe,0.7288135593220338,Extreme,0.36144578313253006,0.8394455413789302,0.7721518987341772,0.38968078699056413,0.3285341888911169,0.8696632027043946,0.8979591836734693,0.0
Parvathipuram Manyam,Andhra Pradesh,0.11111111111111427,drought,0.21279766833371971,0.0,,0.0,,0.0,0.0,0.0,0.0,0.0,0.0,0.0,0.0
Parvathipuram Manyam,Andhra Pradesh,0.22222222222220012,waterlogging,0.47246050409035206,1.0,Moderate,0.576271186440678,Severe,0.536144578313253,0.8339430507251461,0.10126582278481013,0.6550893394900622,0.9345899338279526,0.18329785902090898,0.9387755102040816,1.0
Parvathipuram Manyam,Andhra Pradesh,0.3333333333333144,extreme_flood,0.8640082138243965,1.0,Catastrophic,0.9661016949152542,Extreme,0.7008032128514056,0.27838192697423153,0.34177215189873417,0.6536839991969484,0.6090435131341488,0.13547013897583574,0.673469387755102,0.0
Parvathipuram Manyam,Andhra Pradesh,0.44444444444442865,mild,0.3499817838571855,0.0,,0.0,,0.0,0.0,0.0,0.0,0.0,0.0,0.0,0.0
Parvathipuram Manyam,Andhra Pradesh,0.5555555555555429,severe_drought,0.13430265293279897,0.0,,0.0,,0.0,0.0,0.0,0.0,0.0,0.0,0.0,0.0
Parvathipuram Manyam,Andhra Pradesh,0.6666666666666572,urban_flood,0.4862385321100919,1.0,Moderate,0.7457627118644068,Extreme,0.9879518072289156,0.9206919707736562,0.13924050632911392,0.950210801043967,0.8473631441748546,0.1881807937899086,0.24489795918367346,1.0
Parvathipuram Manyam,Andhra Pradesh,0.7777777777777715,normal,0.3290829000099361,0.0,,0.0,,0.0,0.0,0.0,0.0,0.0,0.0,0.0,0.0
Parvathipuram Manyam,Andhra Pradesh,0.8888888888888857,flood,0.602755605603948,1.0,Severe,0.7288135593220338,Extreme,0.5100401606425702,0.4877131087568781,0.810126582278481,0.9357558723147963,0.28957288951273313,0.58933266558157,0.3061224489795918,0.0
Parvathipuram Manyam,Andhra Pradesh,1.0,drought,0.24472559864869342,0.0,,0.0,,0.0,0.0,0.0,0.0,0.0,0.0,0.0,0.0
Sri Sathya Sai,Andhra Pradesh,0.0,drought,0.10197727950187131,0.0,,0.0,,0.0,0.0,0.0,0.0,0.0,0.0,0.0,0.0
Sri Sathya Sai,Andhra Pradesh,0.11111111111111427,waterlogging,0.243798231378134,1.0,Moderate,0.03389830508474576,Mild,0.7449799196787148,0.012378098283102643,0.8860759493670886,0.9305360369403735,0.9775616603168238,0.9476649555527732,0.3469387755102041,0.0
Sri Sathya Sai,Andhra Pradesh,0.22222222222220012,extreme_flood,0.4794819991388733,1.0,Catastrophic,0.4915254237288136,Severe,0.9538152610441766,0.7791005582672667,0.16455696202531644,0.1282874924713913,0.10262682975736916,0.19732064604983096,0.8571428571428571,0.0
Sri Sathya Sai,Andhra Pradesh,0.3333333333333144,mild,0.15821548040936645,0.0,,0.0,,0.0,0.0,0.0,0.0,0.0,0.0,0.0,0.0
Sri Sathya Sai,Andhra Pradesh,0.44444444444442865,severe_drought,0.05610571986884377,0.0,,0.0,,0.0,0.0,0.0,0.0,0.0,0.0,0.0,0.0
Sri Sathya Sai,Andhra Pradesh,0.5555555555555429,urban_flood,0.21425495975888453,1.0,Moderate,0.3559322033898305,Severe,0.570281124497992,0.40406723261804295,0.6962025316455696,0.233888777353945,0.49246039703228395,0.722549142356329,0.5102040816326531,1.0
Sri Sathya Sai,Andhra Pradesh,0.6666666666666572,normal,0.14049614148974932,0.0,,0.0,,0.0,0.0,0.0,0.0,0.0,0.0,0.0,0.0
Sri Sathya Sai,Andhra Pradesh,0.7777777777777715,flood,0.31480806809525386,1.0,Severe,0.3559322033898305,Severe,0.4759036144578313,0.13212793040201257,0.24050632911392406,0.6125276048986148,0.6087427311008623,0.47164141730311754,0.4081632653061224,1.0
Sri Sathya Sai,Andhra Pradesh,0.8888888888888857,drought,0.07303017255655285,0.0,,0.0,,0.0,0.0,0.0,0.0,0.0,0.0,0.0,0.0
Sri Sathya Sai,Andhra Pradesh,1.0,waterlogging,0.23859835061106882,1.0,Moderate,0.5084745762711864,Severe,0.3253012048192771,0.8244434867148427,0.6455696202531646,0.8375828146958442,0.9310607579707239,0.3374233128834356,0.8571428571428571,1.0
Tirupati,Andhra Pradesh,0.0,waterlogging,0.2904315569834068,1.0,Moderate,0.6610169491525424,Severe,0.2228915662650602,0.9777294458420615,0.0759493670886076,0.9929732985344308,0.10862241828754762,0.6635783147614873,0.5714285714285714,0.0
Tirupati,Andhra Pradesh,0.11111111111111427,extreme_flood,0.4692147186433942,1.0,Catastrophic,0.3389830508474576,Severe,0.6787148594377509,0.9659286580537821,0.43037974683544306,0.24874523188114836,0.3579306196109886,0.733567046450482,0.12244897959183673,0.0
Tirupati,Andhra Pradesh,0.22222222222220012,mild,0.1972642665518498,0.0,,0.0,,0.0,0.0,0.0,0.0,0.0,0.0,0.0,0.0
Tirupati,Andhra Pradesh,0.3333333333333144,severe_drought,0.07571291358924254,0.0,,0.0,,0.0,0.0,0.0,0.0,0.0,0.0,0.0,0.0
Tirupati,Andhra Pradesh,0.44444444444442865,urban_flood,0.2784420229854602,1.0,Moderate,0.6440677966101694,Severe,0.4738955823293172,0.5205897387068645,0.08860759493670886,0.2401124272234491,0.7553839983958291,0.7319394015274822,0.061224489795918366,1.0
Tirupati,Andhra Pradesh,0.5555555555555429,normal,0.22852979167356674,0.0,,0.0,,0.0,0.0,0.0,0.0,0.0,0.0,0.0,0.0
Tirupati,Andhra Pradesh,0.6666666666666572,flood,0.3692577749809559,1.0,Severe,0.0847457627118644,Mild,0.8493975903614457,0.48297234722820803,0.5443037974683544,0.2718329652680185,0.38582314016442754,0.7366971328408664,0.5102040816326531,1.0
Tirupati,Andhra Pradesh,0.7777777777777715,drought,0.11539098466531979,0.0,,0.0,,0.0,0.0,0.0,0.0,0.0,0.0,0.0,0.0
Tirupati,Andhra Pradesh,0.8888888888888857,waterlogging,0.311562282648296,1.0,Moderate,0.01694915254237288,Mild,0.502008032128514,0.9048700550249066,0.8354430379746836,0.38245332262597875,0.21403649488670543,0.4288218354826593,0.5918367346938775,1.0
Tirupati,Andhra Pradesh,1.0,extreme_flood,0.48719901964031403,1.0,Catastrophic,0.9152542372881356,Extreme,0.8554216867469878,0.9942830224609864,0.6329113924050633,0.9056414374623569,0.26398636454782437,0.2924752723175159,0.9999999999999999,1.0
Hyderabad,Telangana,0.0,extreme_flood,0.5377405358858015,1.0,Catastrophic,0.3050847457627119,Moderate,0.1967871485943775,0.6407424854419532,0.4050632911392405,0.45492872917084926,0.5696009625025065,0.06848629022161011,0.6326530612244897,1.0
Hyderabad,Telangana,0.11111111111111427,mild,0.21187030106316035,0.0,,0.0,,0.0,0.0,0.0,0.0,0.0,0.0,0.0,0.0
Hyderabad,Telangana,0.22222222222220012,severe_drought,0.027655416818467865,0.0,,0.0,,0.0,0.0,0.0,0.0,0.0,0.0,0.0,0.0
Hyderabad,Telangana,0.3333333333333144,urban_flood,0.27483191468221113,1.0,Moderate,0.423728813559322,Severe,0.899598393574297,0.14468443366441824,0.3924050632911392,0.5516964464966875,0.33092039302185683,0.9606861149367721,0.673469387755102,1.0
Hyderabad,Telangana,0.44444444444442865,normal,0.19723114629218697,0.0,,0.0,,0.0,0.0,0.0,0.0,0.0,0.0,0.0,0.0
Hyderabad,Telangana,0.5555555555555429,flood,0.3084158579803266,1.0,Severe,0.13559322033898305,Moderate,0.251004016064257,0.6706924719112385,0.4810126582278481,0.2838787392089942,0.2916182073390816,0.38011769124827843,0.7346938775510203,0.0
Hyderabad,Telangana,0.6666666666666572,drought,0.1384758056503163,0.0,,0.0,,0.0,0.0,0.0,0.0,0.0,0.0,0.0,0.0
Hyderabad,Telangana,0.7777777777777715,waterlogging,0.24316894644454012,1.0,Moderate,0.3559322033898305,Severe,0.6746987951807228,0.8220821264269893,0.9620253164556962,0.6711503714113632,0.45267696009625025,0.23425566545636656,0.04081632653061224,1.0
Hyderabad,Telangana,0.8888888888888857,extreme_flood,0.5541350644189051,1.0,Catastrophic,0.423728813559322,Severe,0.3333333333333333,0.7500025056879116,0.9620253164556962,0.09094559325436659,0.5811910968518147,0.2199824715162138,0.3469387755102041,1.0
Hyderabad,Telangana,1.0,mild,0.2157122511840493,0.0,,0.0,,0.0,0.0,0.0,0.0,0.0,0.0,0.0,0.0
Rangareddy,Telangana,0.0,mild,0.2333984698440036,0.0,,0.0,,0.0,0.0,0.0,0.0,0.0,0.0,0.0,0.0
Rangareddy,Telangana,0.11111111111111427,severe_drought,0.028218461232736067,0.0,,0.0,,0.0,0.0,0.0,0.0,0.0,0.0,0.0,0.0
Rangareddy,Telangana,0.22222222222220012,urban_flood,0.28046235882489323,1.0,Moderate,0.6440677966101694,Severe,0.8514056224899598,0.01580187024545719,0.43037974683544306,0.5948604697851837,0.07194706236214157,0.8151996995117065,0.12244897959183673,1.0
Rangareddy,Telangana,0.3333333333333144,normal,0.202464147318915,0.0,,0.0,,0.0,0.0,0.0,0.0,0.0,0.0,0.0,0.0
Rangareddy,Telangana,0.44444444444442865,flood,0.37025138277084096,1.0,Severe,0.01694915254237288,Mild,0.3433734939759036,0.8731079550579817,0.7721518987341772,0.0036137321822927123,0.9330860236615199,0.8841868035557782,0.3469387755102041,1.0
Rangareddy,Telangana,0.5555555555555429,drought,0.13095750670685263,0.0,,0.0,,0.0,0.0,0.0,0.0,0.0,0.0,0.0,0.0
Rangareddy,Telangana,0.6666666666666572,waterlogging,0.28781505647004274,1.0,Moderate,0.4067796610169492,Severe,0.19879518072289154,0.4692131137682539,0.16455696202531644,0.6283878739208995,0.5473430920393022,0.6936271441091774,0.5510204081632653,1.0
Rangareddy,Telangana,0.7777777777777715,extreme_flood,0.44503692908952414,1.0,Catastrophic,0.2711864406779661,Moderate,0.7991967871485943,0.5079831216862277,0.13924050632911392,0.21481630194740012,0.9843793864046521,0.5328659070990359,0.8163265306122448,1.0
Rangareddy,Telangana,0.8888888888888857,mild,0.20057629251813336,0.0,,0.0,,0.0,0.0,0.0,0.0,0.0,0.0,0.0,0.0
Rangareddy,Telangana,1.0,severe_drought,0.05597323883019244,0.0,,0.0,,0.0,0.0,0.0,0.0,0.0,0.0,0.0,0.0
Medchal Malkajgiri,Telangana,0.0,severe_drought,0.05647004272513498,0.0,,0.0,,0.0,0.0,0.0,0.0,0.0,0.0,0.0,0.0
Medchal Malkajgiri,Telangana,0.11111111111111427,urban_flood,0.28052859934421887,1.0,Moderate,0.6101694915254238,Severe,0.2991967871485943,0.393639561805298,0.9746835443037974,0.5787994378638828,0.23541207138560258,0.49204958056842363,0.02040816326530612,1.0
Medchal Malkajgiri,Telangana,0.22222222222220012,normal,0.22909283608783493,0.0,,0.0,,0.0,0.0,0.0,0.0,0.0,0.0,0.0,0.0
Medchal Malkajgiri,Telangana,0.3333333333333144,flood,0.3685291292683735,1.0,Severe,1.0,Extreme,0.321285140562249,0.7704910146031492,0.3924050632911392,0.1045974703874724,0.7081010627631843,0.9983723550770001,0.2040816326530612,0.0
Medchal Malkajgiri,Telangana,0.44444444444442865,drought,0.12506210048686783,0.0,,0.0,,0.0,0.0,0.0,0.0,0.0,0.0,0.0,0.0
Medchal Malkajgiri,Telangana,0.5555555555555429,waterlogging,0.2985129003411387,1.0,Moderate,0.4745762711864407,Severe,0.7550200803212851,0.1859781704469145,0.9746835443037974,0.8257378036538848,0.31365550431120914,0.22874671340929006,0.04081632653061224,1.0
Medchal Malkajgiri,Telangana,0.6666666666666572,extreme_flood,0.4509323353095089,1.0,Catastrophic,0.6949152542372882,Extreme,0.9257028112449799,0.6709911499102964,0.7594936708860759,0.4515157598875728,0.6233607379185884,0.7316889946162514,0.6122448979591836,0.0
Medchal Malkajgiri,Telangana,0.7777777777777715,mild,0.22015036597886928,0.0,,0.0,,0.0,0.0,0.0,0.0,0.0,0.0,0.0,0.0
Medchal Malkajgiri,Telangana,0.8888888888888857,severe_drought,0.03954559003742589,0.0,,0.0,,0.0,0.0,0.0,0.0,0.0,0.0,0.0,0.0
Medchal Malkajgiri,Telangana,1.0,urban_flood,0.34763024542112414,1.0,Moderate,0.9152542372881356,Extreme,0.6987951807228915,0.23238351056899162,0.22784810126582278,0.076691427424212,0.9070182474433527,0.8074370852635532,0.7551020408163265,1.0
Sangareddy,Telangana,0.0,urban_flood,0.32083595535389,1.0,Moderate,0.8305084745762712,Extreme,0.028112449799196783,0.19763663516181731,0.05063291139240506,0.7669142742421201,0.09071586123922198,0.3540753724802804,0.061224489795918366,0.0
Sangareddy,Telangana,0.11111111111111427,normal,0.2182293909184248,0.0,,0.0,,0.0,0.0,0.0,0.0,0.0,0.0,0.0,0.0
Sangareddy,Telangana,0.22222222222220012,flood,0.3392839399860895,1.0,Severe,0.11864406779661017,Moderate,0.38554216867469876,0.9711525162118008,0.5443037974683544,0.04778156996587031,0.5819530780028073,0.005383748591461124,0.5306122448979591,1.0
Sangareddy,Telangana,0.3333333333333144,drought,0.15036597886927433,0.0,,0.0,,0.0,0.0,0.0,0.0,0.0,0.0,0.0,0.0
Sangareddy,Telangana,0.44444444444442865,waterlogging,0.30725664889212734,1.0,Moderate,0.11864406779661017,Moderate,0.7329317269076304,0.6707926994277009,0.5822784810126582,0.49909656695442683,0.8444355323841989,0.7957931638913234,0.7346938775510203,0.0
Sangareddy,Telangana,0.5555555555555429,extreme_flood,0.6163017918060478,1.0,Catastrophic,0.576271186440678,Severe,0.19879518072289154,0.03625028815410983,0.1518987341772152,0.7229471993575587,0.8881892921596151,0.2347564792788281,0.04081632653061224,1.0
Sangareddy,Telangana,0.6666666666666572,mild,0.23074884907097676,0.0,,0.0,,0.0,0.0,0.0,0.0,0.0,0.0,0.0,0.0
Sangareddy,Telangana,0.7777777777777715,severe_drought,0.04497731262213096,0.0,,0.0,,0.0,0.0,0.0,0.0,0.0,0.0,0.0,0.0
Sangareddy,Telangana,0.8888888888888857,urban_flood,0.3384890537541814,1.0,Moderate,0.0847457627118644,Mild,0.4718875502008032,0.4075491365399457,0.9367088607594937,0.9453924914675768,0.587086424704231,0.5955928383623388,0.5714285714285714,0.0
Sangareddy,Telangana,1.0,normal,0.23896267346736,0.0,,0.0,,0.0,0.0,0.0,0.0,0.0,0.0,0.0,0.0
Medak,Telangana,0.0,normal,0.20686914185407212,0.0,,0.0,,0.0,0.0,0.0,0.0,0.0,0.0,0.0,0.0
Medak,Telangana,0.11111111111111427,flood,0.47570628953731003,1.0,Severe,0.8813559322033898,Extreme,0.11044176706827308,0.051440770549146565,1.0,0.5486850030114435,0.9369761379586926,0.36985100788781766,0.2040816326530612,0.0
Medak,Telangana,0.22222222222220012,drought,0.14910740900208658,0.0,,0.0,,0.0,0.0,0.0,0.0,0.0,0.0,0.0,0.0
Medak,Telangana,0.3333333333333144,waterlogging,0.2890073858179048,1.0,Moderate,0.05084745762711865,Mild,0.09036144578313252,0.036107965080733266,0.5316455696202531,0.19935755872314798,0.061740525365951475,0.5423813697258044,0.8163265306122448,1.0
Medak,Telangana,0.44444444444442865,extreme_flood,0.6020600801510285,1.0,Catastrophic,0.4067796610169492,Severe,0.09638554216867469,0.46907880889619435,0.3924050632911392,0.05581208592652078,0.5174654100661721,0.5117065231000375,0.3877551020408163,0.0
Medak,Telangana,0.5555555555555429,mild,0.2592653926406783,0.0,,0.0,,0.0,0.0,0.0,0.0,0.0,0.0,0.0,0.0
Medak,Telangana,0.6666666666666572,severe_drought,0.09310104991223132,0.0,,0.0,,0.0,0.0,0.0,0.0,0.0,0.0,0.0,0.0
Medak,Telangana,0.7777777777777715,urban_flood,0.34286092802967577,1.0,Moderate,0.1694915254237288,Moderate,0.07630522088353413,0.9022260531406292,0.9620253164556962,0.32764505119453924,0.963324644074594,0.8179541755352446,0.836734693877551,0.0
Medak,Telangana,0.8888888888888857,normal,0.26022588017090054,0.0,,0.0,,0.0,0.0,0.0,0.0,0.0,0.0,0.0,0.0
Medak,Telangana,1.0,flood,0.44871327791209886,1.0,Severe,0.423728813559322,Severe,0.9277108433734939,0.9029316548565243,0.5949367088607594,0.14635615338285485,0.14383396831762582,0.7290597220483285,0.6530612244897959,1.0
Nizamabad,Telangana,0.0,flood,0.4187063226575697,1.0,Severe,0.7288135593220338,Extreme,0.18674698795180722,0.6469325368586691,0.5189873417721519,0.006825938566552901,0.9193302586725486,0.8853136346563165,0.7551020408163265,0.0
Nizamabad,Telangana,0.11111111111111427,drought,0.17540489517437818,0.0,,0.0,,0.0,0.0,0.0,0.0,0.0,0.0,0.0,0.0
Nizamabad,Telangana,0.22222222222220012,waterlogging,0.3598847414963734,1.0,Moderate,0.3898305084745763,Severe,0.9297188755020079,0.13334469245186573,0.8987341772151899,0.8072676169443886,0.8582915580509324,0.636409164892951,0.5102040816326531,1.0
Nizamabad,Telangana,0.3333333333333144,extreme_flood,0.6840989633358727,1.0,Catastrophic,0.8813559322033898,Extreme,0.7991967871485943,0.10092710452727692,0.25316455696202533,0.9108612728367798,0.672608782835372,0.7589833479404031,0.04081632653061224,0.0
Nizamabad,Telangana,0.44444444444442865,mild,0.2955320769714834,0.0,,0.0,,0.0,0.0,0.0,0.0,0.0,0.0,0.0,0.0
Nizamabad,Telangana,0.5555555555555429,severe_drought,0.068161494386116,0.0,,0.0,,0.0,0.0,0.0,0.0,0.0,0.0,0.0,0.0
Nizamabad,Telangana,0.6666666666666572,urban_flood,0.32921538104858744,1.0,Moderate,0.6440677966101694,Severe,0.8534136546184738,0.5351227285939082,0.9240506329113924,0.9369604497088938,0.1395027070382996,0.8501314636283961,0.22448979591836732,1.0
Nizamabad,Telangana,0.7777777777777715,normal,0.2718510913125559,0.0,,0.0,,0.0,0.0,0.0,0.0,0.0,0.0,0.0,0.0
Nizamabad,Telangana,0.8888888888888857,flood,0.4269863875732786,1.0,Severe,0.3898305084745763,Severe,0.5080321285140562,0.029055957022440942,0.9493670886075949,0.3557518570568159,0.7411870864247042,0.35232252410166515,0.5510204081632653,0.0
Nizamabad,Telangana,1.0,drought,0.1484781240684927,0.0,,0.0,,0.0,0.0,0.0,0.0,0.0,0.0,0.0,0.0
Kamareddy,Telangana,0.0,drought,0.16878084324181103,0.0,,0.0,,0.0,0.0,0.0,0.0,0.0,0.0,0.0,0.0
Kamareddy,Telangana,0.11111111111111427,waterlogging,0.27181797105289307,1.0,Moderate,0.9661016949152542,Extreme,0.2911646586345381,0.7088430737774749,0.5569620253164557,0.6336077092953223,0.7339081612191698,0.6312758232127206,0.44897959183673464,1.0
Kamareddy,Telangana,0.22222222222220012,extreme_flood,0.5609909581691122,1.0,Catastrophic,0.3559322033898305,Severe,0.6947791164658634,0.9038657753099536,0.2911392405063291,0.356554908652881,0.680469219971927,0.6352823337924126,0.6326530612244897,0.0
Kamareddy,Telangana,0.3333333333333144,mild,0.2330341469877124,0.0,,0.0,,0.0,0.0,0.0,0.0,0.0,0.0,0.0,0.0
Kamareddy,Telangana,0.44444444444442865,severe_drought,0.07693836319676749,0.0,,0.0,,0.0,0.0,0.0,0.0,0.0,0.0,0.0,0.0
Kamareddy,Telangana,0.5555555555555429,urban_flood,0.3806842645646342,1.0,Moderate,0.03389830508474576,Mild,0.33935742971887545,0.5339901576578834,0.7468354430379747,0.0756876129291307,0.9549227992781232,0.6402904720170276,0.6530612244897959,1.0
Kamareddy,Telangana,0.6666666666666572,normal,0.23581624879939062,0.0,,0.0,,0.0,0.0,0.0,0.0,0.0,0.0,0.0,0.0
Kamareddy,Telangana,0.7777777777777715,flood,0.33375285662239595,1.0,Severe,0.423728813559322,Severe,0.36144578313253006,0.9240756517294259,0.9746835443037974,0.24894599478016463,0.06599157810306798,0.09465381244522347,0.9183673469387754,1.0
Kamareddy,Telangana,0.8888888888888857,drought,0.15162454873646214,0.0,,0.0,,0.0,0.0,0.0,0.0,0.0,0.0,0.0,0.0
Kamareddy,Telangana,1.0,waterlogging,0.30957506706852583,1.0,Moderate,0.9661016949152542,Extreme,0.8092369477911646,0.8275124532689204,0.9620253164556962,0.48564545272033727,0.2580509324243032,0.19406535620383122,0.9795918367346939,0.0
Jagtial,Telangana,0.0,waterlogging,0.34862385321100925,1.0,Moderate,0.1694915254237288,Moderate,0.12248995983935741,0.07764024335240997,0.3670886075949367,0.24452921100180688,0.7629236013635452,0.07612370101414798,0.18367346938775508,1.0
Jagtial,Telangana,0.11111111111111427,extreme_flood,0.5826847282482696,1.0,Catastrophic,0.11864406779661017,Moderate,0.9939759036144578,0.5460475278883065,0.810126582278481,0.4061433447098976,0.3951874874674153,0.8239639414047827,0.6326530612244897,1.0
Jagtial,Telangana,0.22222222222220012,mild,0.2950352730765409,0.0,,0.0,,0.0,0.0,0.0,0.0,0.0,0.0,0.0,0.0
Jagtial,Telangana,0.3333333333333144,severe_drought,0.028682144868015763,0.0,,0.0,,0.0,0.0,0.0,0.0,0.0,0.0,0.0,0.0
Jagtial,Telangana,0.44444444444442865,urban_flood,0.3724041996489253,1.0,Moderate,0.6610169491525424,Severe,0.3975903614457831,0.15465907610275326,0.5822784810126582,0.7992371009837382,0.6314618006817726,0.25491423563290344,0.18367346938775508,1.0
Jagtial,Telangana,0.5555555555555429,normal,0.24141357268240987,0.0,,0.0,,0.0,0.0,0.0,0.0,0.0,0.0,0.0,0.0
Jagtial,Telangana,0.6666666666666572,flood,0.3863147087073163,1.0,Severe,0.288135593220339,Moderate,0.37751004016064255,0.39348521142994597,0.05063291139240506,0.23147962256574986,0.9125325847202728,0.6116188806811067,0.7959183673469387,1.0
Jagtial,Telangana,0.7777777777777715,drought,0.18057165568178057,0.0,,0.0,,0.0,0.0,0.0,0.0,0.0,0.0,0.0,0.0
Jagtial,Telangana,0.8888888888888857,waterlogging,0.4034378829530024,1.0,Moderate,0.9830508474576272,Extreme,0.4076305220883534,0.239192968037445,0.7468354430379747,0.8215217827745432,0.08989372368157209,0.15725554025291097,0.9591836734693877,1.0
Jagtial,Telangana,1.0,extreme_flood,0.6003378266485611,1.0,Catastrophic,0.05084745762711865,Mild,0.7650602409638554,0.5617852525232278,0.13924050632911392,0.6137321822927123,0.9387206737517546,0.19606861149367721,0.12244897959183673,1.0
Rajanna Sircilla,Telangana,0.0,extreme_flood,0.6117643162322394,1.0,Catastrophic,0.8135593220338984,Extreme,0.9136546184738955,0.953724955649324,0.26582278481012656,0.9803252358964064,0.7466813715660718,0.2332540378114436,0.36734693877551017,1.0
Rajanna Sircilla,Telangana,0.11111111111111427,mild,0.28168780843241814,0.0,,0.0,,0.0,0.0,0.0,0.0,0.0,0.0,0.0,0.0
Rajanna Sircilla,Telangana,0.22222222222220012,severe_drought,0.043255059119663486,0.0,,0.0,,0.0,0.0,0.0,0.0,0.0,0.0,0.0,0.0
Rajanna Sircilla,Telangana,0.3333333333333144,urban_flood,0.3441857384161892,1.0,Moderate,0.1016949152542373,Mild,0.9257028112449799,0.941773826586351,0.11392405063291139,0.02810680586227665,0.8703027872468418,0.1701514961812946,0.4897959183673469,0.0
Rajanna Sircilla,Telangana,0.44444444444442865,normal,0.24575232669824132,0.0,,0.0,,0.0,0.0,0.0,0.0,0.0,0.0,0.0,0.0
Rajanna Sircilla,Telangana,0.5555555555555429,flood,0.4101944159242209,1.0,Severe,0.01694915254237288,Mild,0.1506024096385542,0.4461006484720315,0.3037974683544304,0.2160208793414977,0.27194706236214156,0.10341805433829972,0.22448979591836732,1.0
Rajanna Sircilla,Telangana,0.6666666666666572,drought,0.18159838373132847,0.0,,0.0,,0.0,0.0,0.0,0.0,0.0,0.0,0.0,0.0
Rajanna Sircilla,Telangana,0.7777777777777715,waterlogging,0.3225250885966946,1.0,Moderate,0.11864406779661017,Moderate,0.9979919678714858,0.37859942068495483,0.6708860759493671,0.493876731580004,0.45043112091437737,0.5438838111931888,0.2040816326530612,0.0
Rajanna Sircilla,Telangana,0.8888888888888857,extreme_flood,0.5813267976020934,1.0,Catastrophic,0.7288135593220338,Extreme,0.1686746987951807,0.281464925380614,0.22784810126582278,0.3477213410961654,0.9611991177060357,0.9616877425816952,0.9795918367346939,0.0
Rajanna Sircilla,Telangana,1.0,mild,0.2897360315304872,0.0,,0.0,,0.0,0.0,0.0,0.0,0.0,0.0,0.0,0.0
Karimnagar,Telangana,0.0,mild,0.2914914052926175,0.0,,0.0,,0.0,0.0,0.0,0.0,0.0,0.0,0.0,0.0
Karimnagar,Telangana,0.11111111111111427,severe_drought,0.06233232868545689,0.0,,0.0,,0.0,0.0,0.0,0.0,0.0,0.0,0.0,0.0
Karimnagar,Telangana,0.22222222222220012,urban_flood,0.3942635710263969,1.0,Moderate,0.4745762711864407,Severe,0.4116465863453815,0.9776913593858058,0.620253164556962,0.036538847620959644,0.23362743132143574,0.3510704895455114,0.7755102040816326,1.0
Karimnagar,Telangana,0.3333333333333144,normal,0.24631537111250956,0.0,,0.0,,0.0,0.0,0.0,0.0,0.0,0.0,0.0,0.0
Karimnagar,Telangana,0.44444444444442865,flood,0.4167853475971252,1.0,Severe,0.8983050847457628,Extreme,0.5441767068273092,0.349292894871358,0.012658227848101266,0.019474001204577394,0.6749749348305595,0.09290096406660824,0.3061224489795918,1.0
Karimnagar,Telangana,0.5555555555555429,drought,0.12834100619348854,0.0,,0.0,,0.0,0.0,0.0,0.0,0.0,0.0,0.0,0.0
Karimnagar,Telangana,0.6666666666666572,waterlogging,0.3310701155897063,1.0,Moderate,0.3220338983050847,Moderate,0.4236947791164658,0.8199492848766701,0.9367088607594937,0.7452318811483638,0.7746942049328254,0.6792287467134093,0.2857142857142857,1.0
Karimnagar,Telangana,0.7777777777777715,extreme_flood,0.6875765906004705,1.0,Catastrophic,0.7457627118644068,Extreme,0.11244979919678713,0.15908913233039,0.5316455696202531,0.27404135715719735,0.9001604170844195,0.9257543508200825,0.5510204081632653,1.0
Karimnagar,Telangana,0.8888888888888857,mild,0.29390918424800455,0.0,,0.0,,0.0,0.0,0.0,0.0,0.0,0.0,0.0,0.0
Karimnagar,Telangana,1.0,severe_drought,0.09495578445335014,0.0,,0.0,,0.0,0.0,0.0,0.0,0.0,0.0,0.0,0.0
Peddapalli,Telangana,0.0,severe_drought,0.031431126420031125,0.0,,0.0,,0.0,0.0,0.0,0.0,0.0,0.0,0.0,0.0
Peddapalli,Telangana,0.11111111111111427,urban_flood,0.43788295300235164,1.0,Moderate,0.2542372881355932,Moderate,0.9257028112449799,0.6727030358914736,0.17721518987341772,0.7986348122866894,0.4934830559454582,0.9138600225366219,0.9387755102040816,1.0
Peddapalli,Telangana,0.22222222222220012,normal,0.30801841486437254,0.0,,0.0,,0.0,0.0,0.0,0.0,0.0,0.0,0.0,0.0
Peddapalli,Telangana,0.3333333333333144,flood,0.5274401351306596,1.0,Severe,0.4576271186440678,Severe,0.18072289156626503,0.2170126186443226,0.7848101265822784,0.051194539249146756,0.16673350711850812,0.1025416301489921,0.7755102040816326,1.0
Peddapalli,Telangana,0.44444444444442865,drought,0.19587321564601068,0.0,,0.0,,0.0,0.0,0.0,0.0,0.0,0.0,0.0,0.0
Peddapalli,Telangana,0.5555555555555429,waterlogging,0.430132812241248,1.0,Moderate,0.05084745762711865,Mild,0.37550200803212846,0.6867068244915959,0.3670886075949367,0.49146757679180886,0.5559454581912974,0.5313634656316514,0.02040816326530612,1.0
Peddapalli,Telangana,0.6666666666666572,extreme_flood,0.5862617162918559,1.0,Catastrophic,0.3050847457627119,Moderate,0.570281124497992,0.6395698234993435,0.5063291139240507,0.04798233286488657,0.3148385803088029,0.2874671340929009,0.7551020408163265,0.0
Peddapalli,Telangana,0.7777777777777715,mild,0.3047726294174147,0.0,,0.0,,0.0,0.0,0.0,0.0,0.0,0.0,0.0,0.0
Peddapalli,Telangana,0.8888888888888857,severe_drought,0.11406617427880635,0.0,,0.0,,0.0,0.0,0.0,0.0,0.0,0.0,0.0,0.0
Peddapalli,Telangana,1.0,urban_flood,0.41665286655847383,1.0,Moderate,0.3898305084745763,Severe,0.03012048192771084,0.6620709009451455,0.35443037974683544,0.05541056012848826,0.21271305394024465,0.975334919243771,0.3877551020408163,1.0
Jayashankar Bhupalpally,Telangana,0.0,urban_flood,0.544695790414997,1.0,Moderate,0.711864406779661,Extreme,0.35542168674698793,0.7633528108806992,0.5822784810126582,0.31660309174864487,0.7793463003809906,0.670088894453487,0.9591836734693877,0.0
Jayashankar Bhupalpally,Telangana,0.11111111111111427,normal,0.3050707117543802,0.0,,0.0,,0.0,0.0,0.0,0.0,0.0,0.0,0.0,0.0
Jayashankar Bhupalpally,Telangana,0.22222222222220012,flood,0.6266353128208526,1.0,Severe,0.7796610169491526,Extreme,0.1606425702811245,0.016465376404438074,0.16455696202531644,0.6225657498494278,0.11417685983557249,0.8014273193940152,0.6530612244897959,1.0
Jayashankar Bhupalpally,Telangana,0.3333333333333144,drought,0.1968668234358958,0.0,,0.0,,0.0,0.0,0.0,0.0,0.0,0.0,0.0,0.0
Jayashankar Bhupalpally,Telangana,0.44444444444442865,waterlogging,0.3926737985625808,1.0,Moderate,0.3728813559322034,Severe,0.20682730923694778,0.4249506379481423,0.9367088607594937,0.4316402328849629,0.685983557248847,0.02616752222361337,0.02040816326530612,1.0
Jayashankar Bhupalpally,Telangana,0.5555555555555429,extreme_flood,0.8022389295532079,1.0,Catastrophic,0.288135593220339,Moderate,0.7610441767068272,0.7911799785513115,0.5189873417721519,0.8271431439469986,0.02512532584720273,0.5546513083761111,0.2857142857142857,0.0
Jayashankar Bhupalpally,Telangana,0.6666666666666572,mild,0.34236412413473327,0.0,,0.0,,0.0,0.0,0.0,0.0,0.0,0.0,0.0,0.0
Jayashankar Bhupalpally,Telangana,0.7777777777777715,severe_drought,0.08349617461000895,0.0,,0.0,,0.0,0.0,0.0,0.0,0.0,0.0,0.0,0.0
Jayashankar Bhupalpally,Telangana,0.8888888888888857,urban_flood,0.461000894247011,1.0,Moderate,0.11864406779661017,Moderate,0.6666666666666666,0.6839405450372346,0.20253164556962025,0.25396506725557116,0.8378985361941047,0.7195442594215601,0.3469387755102041,0.0
Jayashankar Bhupalpally,Telangana,1.0,normal,0.3061305600635909,0.0,,0.0,,0.0,0.0,0.0,0.0,0.0,0.0,0.0,0.0
Mulugu,Telangana,0.0,normal,0.36339548902063395,0.0,,0.0,,0.0,0.0,0.0,0.0,0.0,0.0,0.0,0.0
Mulugu,Telangana,0.11111111111111427,flood,0.6809194184082404,1.0,Severe,0.23728813559322035,Moderate,0.9759036144578312,0.08826035099676265,0.6455696202531646,0.9716924312387071,0.6494285141367556,0.3221484912983598,0.673469387755102,0.0
Mulugu,Telangana,0.22222222222220012,drought,0.2747987944225483,0.0,,0.0,,0.0,0.0,0.0,0.0,0.0,0.0,0.0,0.0
Mulugu,Telangana,0.3333333333333144,waterlogging,0.49816182558871275,1.0,Moderate,0.3728813559322034,Severe,0.5502008032128514,0.5202509697012218,0.8354430379746836,0.3832563742220438,0.6597754160818127,0.18480030048829346,0.7959183673469387,1.0
Mulugu,Telangana,0.44444444444442865,extreme_flood,0.8981552015367802,1.0,Catastrophic,0.3220338983050847,Moderate,0.0682730923694779,0.2561173864672807,1.0,0.8245332262597872,1.0,0.16476774758983345,0.6938775510204082,1.0
Mulugu,Telangana,0.5555555555555429,mild,0.4308614579538304,0.0,,0.0,,0.0,0.0,0.0,0.0,0.0,0.0,0.0,0.0
Mulugu,Telangana,0.6666666666666572,severe_drought,0.09955950054648428,0.0,,0.0,,0.0,0.0,0.0,0.0,0.0,0.0,0.0,0.0
Mulugu,Telangana,0.7777777777777715,urban_flood,0.5617858444010202,1.0,Moderate,0.01694915254237288,Mild,0.2791164658634538,0.9004520260992454,0.7088607594936709,0.12065850230877334,0.9561058752757169,0.8752973582070864,0.5102040816326531,0.0
Mulugu,Telangana,0.8888888888888857,normal,0.3332229324677906,0.0,,0.0,,0.0,0.0,0.0,0.0,0.0,0.0,0.0,0.0
Mulugu,Telangana,1.0,flood,0.5632100155665222,1.0,Severe,0.01694915254237288,Mild,0.7088353413654618,0.5645876138835156,0.9493670886075949,0.6028909857458342,0.23148185281732506,0.8446225115813196,0.836734693877551,0.0
Bhadradri Kothagudem,Telangana,0.0,flood,0.589043818103534,1.0,Severe,0.2711864406779661,Moderate,0.8895582329317269,0.2698625880749301,0.9873417721518987,0.2144147761493676,0.5069580910366954,0.21597596093652183,0.5306122448979591,0.0
Bhadradri Kothagudem,Telangana,0.11111111111111427,drought,0.18308879541615608,0.0,,0.0,,0.0,0.0,0.0,0.0,0.0,0.0,0.0,0.0
Bhadradri Kothagudem,Telangana,0.22222222222220012,waterlogging,0.5277713377272879,1.0,Moderate,0.15254237288135594,Moderate,0.1285140562248996,0.5385344732542873,0.11392405063291139,0.047580807066854046,0.48373771806697413,0.16026042318767997,0.2857142857142857,1.0
Bhadradri Kothagudem,Telangana,0.3333333333333144,extreme_flood,0.9324346702878152,1.0,Catastrophic,0.1016949152542373,Mild,0.931726907630522,0.16432501779038416,0.9113924050632911,0.7237502509536238,0.2110888309604973,0.15687992988606483,0.9183673469387754,1.0
Bhadradri Kothagudem,Telangana,0.44444444444442865,mild,0.34931937866392876,0.0,,0.0,,0.0,0.0,0.0,0.0,0.0,0.0,0.0,0.0
Bhadradri Kothagudem,Telangana,0.5555555555555429,severe_drought,0.1364554698108833,0.0,,0.0,,0.0,0.0,0.0,0.0,0.0,0.0,0.0,0.0
Bhadradri Kothagudem,Telangana,0.6666666666666572,urban_flood,0.46924783890305705,1.0,Moderate,0.13559322033898305,Moderate,0.9799196787148593,0.12758161025527948,0.3670886075949367,0.08853643846617146,0.6388810908361741,0.8376111180668586,0.3061224489795918,1.0
Bhadradri Kothagudem,Telangana,0.7777777777777715,normal,0.34090683270956845,0.0,,0.0,,0.0,0.0,0.0,0.0,0.0,0.0,0.0,0.0
Bhadradri Kothagudem,Telangana,0.8888888888888857,flood,0.5337329844665983,1.0,Severe,0.3728813559322034,Severe,0.3032128514056225,0.5077225301434256,0.7468354430379747,0.49146757679180886,0.3167836374573892,0.7574809064730186,0.8163265306122448,1.0
Bhadradri Kothagudem,Telangana,1.0,drought,0.21670585897393435,0.0,,0.0,,0.0,0.0,0.0,0.0,0.0,0.0,0.0,0.0
Khammam,Telangana,0.0,drought,0.18341999801278447,0.0,,0.0,,0.0,0.0,0.0,0.0,0.0,0.0,0.0,0.0
Khammam,Telangana,0.11111111111111427,waterlogging,0.42417116550193756,1.0,Moderate,0.5423728813559322,Severe,0.12248995983935741,0.6371723813055636,0.0,0.14314394699859467,0.7589532785241628,0.5173406786027294,0.6938775510204082,0.0
Khammam,Telangana,0.22222222222220012,extreme_flood,0.8033318981220815,1.0,Catastrophic,0.847457627118644,Extreme,0.644578313253012,0.3523518386737895,0.7341772151898734,0.08793414976912267,0.4318427912572689,0.7661199449104794,0.18367346938775508,1.0
Khammam,Telangana,0.3333333333333144,mild,0.3036134203292154,0.0,,0.0,,0.0,0.0,0.0,0.0,0.0,0.0,0.0,0.0
Khammam,Telangana,0.44444444444442865,severe_drought,0.11022422415791742,0.0,,0.0,,0.0,0.0,0.0,0.0,0.0,0.0,0.0,0.0
Khammam,Telangana,0.5555555555555429,urban_flood,0.4144669294207267,1.0,Moderate,0.9322033898305084,Extreme,0.17871485943775098,1.0,0.3670886075949367,0.4792210399518169,0.1788650491277321,0.45611618880681104,0.6122448979591836,0.0
Khammam,Telangana,0.6666666666666572,normal,0.2832113403769086,0.0,,0.0,,0.0,0.0,0.0,0.0,0.0,0.0,0.0,0.0
Khammam,Telangana,0.7777777777777715,flood,0.4847150001656014,1.0,Severe,0.4745762711864407,Severe,0.028112449799196783,0.013484610064847203,0.49367088607594933,0.6291909255169644,0.21088830960497293,0.13021159383998998,0.3469387755102041,1.0
Khammam,Telangana,0.8888888888888857,drought,0.18527473255390325,0.0,,0.0,,0.0,0.0,0.0,0.0,0.0,0.0,0.0,0.0
Khammam,Telangana,1.0,waterlogging,0.3527638856688637,1.0,Moderate,1.0,Extreme,0.6204819277108433,0.8662143064756999,0.5063291139240507,0.39791206585023087,0.9052336073791859,0.21096782271190684,0.836734693877551,1.0
Nalgonda,Telangana,0.0,waterlogging,0.23959195840095387,1.0,Moderate,0.3728813559322034,Severe,0.6144578313253012,0.8665590891323304,0.9493670886075949,0.5573178076691427,0.3666131943051935,0.473143858770502,0.1020408163265306,1.0
Nalgonda,Telangana,0.11111111111111427,extreme_flood,0.5238300268274104,1.0,Catastrophic,0.1694915254237288,Moderate,0.34939759036144574,0.0944804706684173,0.9620253164556962,0.8851636217626982,0.10994585923400842,0.15274821585075746,0.7959183673469387,1.0
Nalgonda,Telangana,0.22222222222220012,mild,0.19381975954691488,0.0,,0.0,,0.0,0.0,0.0,0.0,0.0,0.0,0.0,0.0
Nalgonda,Telangana,0.3333333333333144,severe_drought,0.012784420229854598,0.0,,0.0,,0.0,0.0,0.0,0.0,0.0,0.0,0.0,0.0
Nalgonda,Telangana,0.44444444444442865,urban_flood,0.31325141589110056,1.0,Moderate,0.576271186440678,Severe,0.214859437751004,0.750054623996472,0.16455696202531644,0.2728367797630998,0.37778223380790055,0.465130837611118,0.3061224489795918,1.0
Nalgonda,Telangana,0.5555555555555429,normal,0.2057761732851986,0.0,,0.0,,0.0,0.0,0.0,0.0,0.0,0.0,0.0,0.0
Nalgonda,Telangana,0.6666666666666572,flood,0.3372304838869937,1.0,Severe,0.7627118644067796,Extreme,0.38955823293172687,0.41672596794724026,0.6835443037974683,0.7715318209194941,0.19085622618808903,0.5398773006134969,0.26530612244897955,0.0
Nalgonda,Telangana,0.7777777777777715,drought,0.11972973868115129,0.0,,0.0,,0.0,0.0,0.0,0.0,0.0,0.0,0.0,0.0
Nalgonda,Telangana,0.8888888888888857,waterlogging,0.23647865399264728,1.0,Moderate,0.6271186440677966,Severe,0.3132530120481927,0.5327974502119812,0.4430379746835443,0.53222244529211,0.6580509324243032,0.21509953674721422,0.5102040816326531,1.0
Nalgonda,Telangana,1.0,extreme_flood,0.5358858013446827,1.0,Catastrophic,0.8813559322033898,Extreme,0.9236947791164658,0.2141400980225111,0.5443037974683544,0.7014655691628188,0.4197112492480449,0.08238387379491673,0.02040816326530612,1.0
Suryapet,Telangana,0.0,extreme_flood,0.45364819660186145,1.0,Catastrophic,0.11864406779661017,Moderate,0.09437751004016064,0.792480931714993,0.43037974683544306,0.35133507327845814,0.9841989171846802,0.9151120570927757,0.673469387755102,0.0
Suryapet,Telangana,0.11111111111111427,mild,0.23247110257344422,0.0,,0.0,,0.0,0.0,0.0,0.0,0.0,0.0,0.0,0.0
Suryapet,Telangana,0.22222222222220012,severe_drought,0.050177193389196184,0.0,,0.0,,0.0,0.0,0.0,0.0,0.0,0.0,0.0,0.0
Suryapet,Telangana,0.3333333333333144,urban_flood,0.32428046235882496,1.0,Moderate,0.1016949152542373,Mild,0.7048192771084336,0.8085774708588496,0.6708860759493671,0.7408150973700061,0.730058151193102,0.7241767872793288,0.44897959183673464,1.0
Suryapet,Telangana,0.44444444444442865,normal,0.22041532805617198,0.0,,0.0,,0.0,0.0,0.0,0.0,0.0,0.0,0.0,0.0
Suryapet,Telangana,0.5555555555555429,flood,0.3100387507038056,1.0,Severe,0.8305084745762712,Extreme,0.4558232931726907,0.7925310454732243,0.17721518987341772,0.2081911262798635,0.1792460397032284,0.8622761988230875,0.44897959183673464,1.0
Suryapet,Telangana,0.6666666666666572,drought,0.14301328122412482,0.0,,0.0,,0.0,0.0,0.0,0.0,0.0,0.0,0.0,0.0
Suryapet,Telangana,0.7777777777777715,waterlogging,0.2677772993740271,1.0,Moderate,0.11864406779661017,Moderate,0.4016064257028112,0.1781904924177884,0.4430379746835443,0.5687612929130696,0.5787447363144175,0.792663077500939,0.836734693877551,1.0
Suryapet,Telangana,0.8888888888888857,extreme_flood,0.45265458881197634,1.0,Catastrophic,0.7288135593220338,Extreme,0.57429718875502,0.07430266705421307,0.7215189873417721,0.8237301746637221,0.42099458592340083,0.3158883185175911,0.9591836734693877,1.0
Suryapet,Telangana,1.0,mild,0.1899446891663631,0.0,,0.0,,0.0,0.0,0.0,0.0,0.0,0.0,0.0,0.0
Yadadri Bhuvanagiri,Telangana,0.0,mild,0.24621601033352103,0.0,,0.0,,0.0,0.0,0.0,0.0,0.0,0.0,0.0,0.0
Yadadri Bhuvanagiri,Telangana,0.11111111111111427,severe_drought,0.07352697645149539,0.0,,0.0,,0.0,0.0,0.0,0.0,0.0,0.0,0.0,0.0
Yadadri Bhuvanagiri,Telangana,0.22222222222220012,urban_flood,0.3559103103368331,1.0,Moderate,0.6610169491525424,Severe,0.48995983935742965,0.4104096298597817,0.9113924050632911,0.1549889580405541,0.8357128534188891,0.12946037310629774,0.32653061224489793,1.0
Yadadri Bhuvanagiri,Telangana,0.3333333333333144,normal,0.21021428808001857,0.0,,0.0,,0.0,0.0,0.0,0.0,0.0,0.0,0.0,0.0
Yadadri Bhuvanagiri,Telangana,0.44444444444442865,flood,0.38055178352598285,1.0,Severe,0.576271186440678,Severe,0.3473895582329317,0.5111322702534754,0.35443037974683544,0.911062035735796,0.6212953679566874,0.955928383623388,0.8163265306122448,0.0
Yadadri Bhuvanagiri,Telangana,0.5555555555555429,drought,0.11804060543834664,0.0,,0.0,,0.0,0.0,0.0,0.0,0.0,0.0,0.0,0.0
Yadadri Bhuvanagiri,Telangana,0.6666666666666572,waterlogging,0.3214983605471467,1.0,Moderate,1.0,Extreme,0.39156626506024095,0.32150982730798916,0.8734177215189873,0.6199558321622164,0.7636053739723281,0.7211719043445599,0.6122448979591836,1.0
Yadadri Bhuvanagiri,Telangana,0.7777777777777715,extreme_flood,0.6141489749279635,1.0,Catastrophic,0.6440677966101694,Severe,0.6526104417670682,0.629007847814539,0.8734177215189873,0.2525597269624573,0.9898536194104672,0.3747339426568173,0.9999999999999999,0.0
Yadadri Bhuvanagiri,Telangana,0.8888888888888857,mild,0.2082270725002484,0.0,,0.0,,0.0,0.0,0.0,0.0,0.0,0.0,0.0,0.0
Yadadri Bhuvanagiri,Telangana,1.0,severe_drought,0.08227072500248402,0.0,,0.0,,0.0,0.0,0.0,0.0,0.0,0.0,0.0,0.0
Mahabubnagar,Telangana,0.0,severe_drought,0.027059252144536805,0.0,,0.0,,0.0,0.0,0.0,0.0,0.0,0.0,0.0,0.0
Mahabubnagar,Telangana,0.11111111111111427,urban_flood,0.29844665982181307,1.0,Moderate,0.06779661016949153,Mild,0.6606425702811244,0.0889980255179257,0.5063291139240507,0.53222244529211,0.9812913575295769,0.7149117315637911,0.1020408163265306,1.0
Mahabubnagar,Telangana,0.22222222222220012,normal,0.15758619547577257,0.0,,0.0,,0.0,0.0,0.0,0.0,0.0,0.0,0.0,0.0
Mahabubnagar,Telangana,0.3333333333333144,flood,0.3229556519723115,1.0,Severe,0.3220338983050847,Moderate,0.056224899598393566,0.8597556453148647,0.0,0.39409757076892193,0.5244636053739723,0.8687867785150869,0.8163265306122448,1.0
Mahabubnagar,Telangana,0.44444444444442865,drought,0.09068327095684432,0.0,,0.0,,0.0,0.0,0.0,0.0,0.0,0.0,0.0,0.0
Mahabubnagar,Telangana,0.5555555555555429,waterlogging,0.26532640015897724,1.0,Moderate,0.4915254237288136,Severe,0.4477911646586345,0.8363124292143165,0.16455696202531644,0.9152780566151375,0.6054942851413676,0.6801051709027169,0.5102040816326531,0.0
Mahabubnagar,Telangana,0.6666666666666572,extreme_flood,0.5178683800881,1.0,Catastrophic,0.3050847457627119,Moderate,0.1967871485943775,0.3565633989155383,0.9873417721518987,0.4992973298534431,0.07583717665931422,0.7286841116814824,0.7142857142857142,1.0
Mahabubnagar,Telangana,0.7777777777777715,mild,0.1865995429404167,0.0,,0.0,,0.0,0.0,0.0,0.0,0.0,0.0,0.0,0.0
Mahabubnagar,Telangana,0.8888888888888857,severe_drought,0.05080647832279005,0.0,,0.0,,0.0,0.0,0.0,0.0,0.0,0.0,0.0,0.0
Mahabubnagar,Telangana,1.0,urban_flood,0.24879939058722222,1.0,Moderate,0.6101694915254238,Severe,0.7188755020080321,0.0645966343599972,0.08860759493670886,0.30074282272636016,0.4928012833366754,0.5010642293727307,0.061224489795918366,0.0
Nagarkurnool,Telangana,0.0,urban_flood,0.29781737488821913,1.0,Moderate,0.8135593220338984,Extreme,0.2971887550200803,0.9884998947611078,0.5063291139240507,0.3039550291106204,0.6470824142771205,0.9705771879303868,0.8571428571428571,0.0
Nagarkurnool,Telangana,0.11111111111111427,normal,0.19484648759646278,0.0,,0.0,,0.0,0.0,0.0,0.0,0.0,0.0,0.0,0.0
Nagarkurnool,Telangana,0.22222222222220012,flood,0.37064882588679504,1.0,Severe,0.9322033898305084,Extreme,0.10843373493975902,0.571575476331272,0.3670886075949367,0.08130897410158602,0.6318628433928214,0.2065857017653687,0.7755102040816326,0.0
Nagarkurnool,Telangana,0.3333333333333144,drought,0.1041963368992813,0.0,,0.0,,0.0,0.0,0.0,0.0,0.0,0.0,0.0,0.0
Nagarkurnool,Telangana,0.44444444444442865,waterlogging,0.23687609710860136,1.0,Moderate,0.5423728813559322,Severe,0.8012048192771084,0.8354705180760326,0.45569620253164556,0.8799437863882754,0.6710447162622819,0.7572304995617878,0.36734693877551017,1.0
Nagarkurnool,Telangana,0.5555555555555429,extreme_flood,0.395257178816282,1.0,Catastrophic,0.3898305084745763,Severe,0.6967871485943774,0.8347188117025648,0.5949367088607594,0.3756273840594258,0.25127331060757974,0.8496306498059346,0.32653061224489793,1.0
Nagarkurnool,Telangana,0.6666666666666572,mild,0.1711655019375352,0.0,,0.0,,0.0,0.0,0.0,0.0,0.0,0.0,0.0,0.0
Nagarkurnool,Telangana,0.7777777777777715,severe_drought,0.0,0.0,,0.0,,0.0,0.0,0.0,0.0,0.0,0.0,0.0,0.0
Nagarkurnool,Telangana,0.8888888888888857,urban_flood,0.2894379491935217,1.0,Moderate,0.11864406779661017,Moderate,0.4698795180722891,0.46393513275134557,0.9493670886075949,0.46476611122264605,0.4084419490675757,0.5804432202328784,0.0,0.0
Nagarkurnool,Telangana,1.0,normal,0.15934156923790282,0.0,,0.0,,0.0,0.0,0.0,0.0,0.0,0.0,0.0,0.0
Wanaparthy,Telangana,0.0,normal,0.18974596760838608,0.0,,0.0,,0.0,0.0,0.0,0.0,0.0,0.0,0.0,0.0
Wanaparthy,Telangana,0.11111111111111427,flood,0.3574338422813235,1.0,Severe,0.7796610169491526,Extreme,0.4236947791164658,0.8140358614053902,0.4050632911392405,0.9397711302951215,0.5368959294164829,0.14448478778014273,0.9795918367346939,0.0
Wanaparthy,Telangana,0.22222222222220012,drought,0.12787732255820888,0.0,,0.0,,0.0,0.0,0.0,0.0,0.0,0.0,0.0,0.0
Wanaparthy,Telangana,0.3333333333333144,waterlogging,0.26575696353459416,1.0,Moderate,0.3728813559322034,Severe,0.2610441767068273,0.4227616689886041,0.26582278481012656,0.6661312989359567,0.26476839783436934,0.9608113183923875,0.5306122448979591,1.0
Wanaparthy,Telangana,0.44444444444442865,extreme_flood,0.5377736561454644,1.0,Catastrophic,0.7288135593220338,Extreme,0.7088353413654618,0.18622072103675344,0.3291139240506329,0.5143545472796627,0.578905153398837,0.5451358457493426,0.12244897959183673,1.0
Wanaparthy,Telangana,0.5555555555555429,mild,0.19113701851422515,0.0,,0.0,,0.0,0.0,0.0,0.0,0.0,0.0,0.0,0.0
Wanaparthy,Telangana,0.6666666666666572,severe_drought,0.062166727387142726,0.0,,0.0,,0.0,0.0,0.0,0.0,0.0,0.0,0.0,0.0
Wanaparthy,Telangana,0.7777777777777715,urban_flood,0.2669161726227934,1.0,Moderate,0.5423728813559322,Severe,0.16265060240963855,0.6784079861285117,0.810126582278481,0.19614535233888777,0.9021455785041107,0.24652560410667335,0.36734693877551017,1.0
Wanaparthy,Telangana,0.8888888888888857,normal,0.179478687112907,0.0,,0.0,,0.0,0.0,0.0,0.0,0.0,0.0,0.0,0.0
Wanaparthy,Telangana,1.0,flood,0.27095684430165934,1.0,Severe,0.4406779661016949,Severe,0.8915662650602408,0.4272137752698626,0.3924050632911392,0.42642039751054006,0.7948666532985763,0.7462125954676349,0.061224489795918366,1.0
Gadwal,Telangana,0.0,flood,0.30921074421223466,1.0,Severe,0.3559322033898305,Severe,0.6987951807228915,0.6326661521654156,0.06329113924050633,0.87271632202369,0.5320633647483457,0.6044822837110304,0.8979591836734693,1.0
Gadwal,Telangana,0.11111111111111427,drought,0.07051303282217733,0.0,,0.0,,0.0,0.0,0.0,0.0,0.0,0.0,0.0,0.0
Gadwal,Telangana,0.22222222222220012,waterlogging,0.19898652005431727,1.0,Moderate,0.7966101694915254,Extreme,0.9257028112449799,0.3120503543042707,0.0,0.361172455330255,0.5243031882895528,0.9845999749593087,0.7346938775510203,1.0
Gadwal,Telangana,0.3333333333333144,extreme_flood,0.4558010134799458,1.0,Catastrophic,0.9491525423728814,Extreme,0.018072289156626505,0.5023904262676275,0.25316455696202533,0.9194940774944791,0.2182073390816122,0.1085513960185301,0.6938775510204082,1.0
Gadwal,Telangana,0.44444444444442865,mild,0.17408008478786474,0.0,,0.0,,0.0,0.0,0.0,0.0,0.0,0.0,0.0,0.0
Gadwal,Telangana,0.5555555555555429,severe_drought,0.04928294637829962,0.0,,0.0,,0.0,0.0,0.0,0.0,0.0,0.0,0.0,0.0
Gadwal,Telangana,0.6666666666666572,urban_flood,0.22733746232570468,1.0,Moderate,0.23728813559322035,Moderate,0.7489959839357428,0.839549777996051,0.20253164556962025,0.217024693836579,0.6200721876879888,0.8968323525729309,0.5918367346938775,1.0
Gadwal,Telangana,0.7777777777777715,normal,0.1464909084887226,0.0,,0.0,,0.0,0.0,0.0,0.0,0.0,0.0,0.0,0.0
Gadwal,Telangana,0.8888888888888857,flood,0.27271221806378965,1.0,Severe,0.01694915254237288,Mild,0.5722891566265059,0.8828420514568069,0.7341772151898734,0.1539851435454728,0.41233206336474837,0.128208338550144,0.5306122448979591,1.0
Gadwal,Telangana,1.0,drought,0.10823700857814726,0.0,,0.0,,0.0,0.0,0.0,0.0,0.0,0.0,0.0,0.0
Narayanpet,Telangana,0.0,drought,0.11479481999138873,0.0,,0.0,,0.0,0.0,0.0,0.0,0.0,0.0,0.0,0.0
Narayanpet,Telangana,0.11111111111111427,waterlogging,0.20236478653992646,1.0,Moderate,1.0,Extreme,0.7550200803212851,0.7081334629609213,0.5443037974683544,0.46115237904035333,0.03819931822739122,0.18004256917490924,0.5102040816326531,1.0
Narayanpet,Telangana,0.22222222222220012,extreme_flood,0.36336236876097117,1.0,Catastrophic,0.7966101694915254,Extreme,0.6405622489959839,0.6081545107393784,0.6329113924050633,0.7215418590644449,0.869941848806898,0.34005258545135847,0.18367346938775508,0.0
Narayanpet,Telangana,0.3333333333333144,mild,0.18063789620110626,0.0,,0.0,,0.0,0.0,0.0,0.0,0.0,0.0,0.0,0.0
Narayanpet,Telangana,0.44444444444442865,severe_drought,0.05855661908389363,0.0,,0.0,,0.0,0.0,0.0,0.0,0.0,0.0,0.0,0.0
Narayanpet,Telangana,0.5555555555555429,urban_flood,0.2838075050508396,1.0,Moderate,0.03389830508474576,Mild,0.23895582329317266,0.28054082767883093,0.8607594936708861,0.48263400923509336,0.6504912773210347,0.0905220984099161,0.08163265306122448,1.0
Narayanpet,Telangana,0.6666666666666572,normal,0.17030437518630148,0.0,,0.0,,0.0,0.0,0.0,0.0,0.0,0.0,0.0,0.0
Narayanpet,Telangana,0.7777777777777715,flood,0.28311197959792006,1.0,Severe,1.0,Extreme,0.8975903614457831,0.14137893017148928,0.08860759493670886,0.821321019875527,0.3474032484459595,0.0033804933016151244,0.7959183673469387,1.0
Narayanpet,Telangana,0.8888888888888857,drought,0.08588083330573314,0.0,,0.0,,0.0,0.0,0.0,0.0,0.0,0.0,0.0,0.0
Narayanpet,Telangana,1.0,waterlogging,0.21968668234358962,1.0,Moderate,0.2542372881355932,Moderate,0.1325301204819277,0.5148106201076443,0.05063291139240506,0.25516964464966874,0.4113094044515741,0.9768373607111556,0.9591836734693877,1.0
Vikarabad,Telangana,0.0,waterlogging,0.32835425429735376,1.0,Moderate,0.0847457627118644,Mild,0.7008032128514056,0.05186573521894701,0.20253164556962025,0.05902429231078097,0.4672749147784239,0.49517966695880805,0.7959183673469387,1.0
Vikarabad,Telangana,0.11111111111111427,extreme_flood,0.4525552280329878,1.0,Catastrophic,0.13559322033898305,Moderate,0.2690763052208835,0.6036963908071322,0.4050632911392405,0.055209797229471995,0.6075195508321636,0.6126205083260298,0.8775510204081632,0.0
Vikarabad,Telangana,0.22222222222220012,mild,0.23919451528499985,0.0,,0.0,,0.0,0.0,0.0,0.0,0.0,0.0,0.0,0.0
Vikarabad,Telangana,0.3333333333333144,severe_drought,0.05815917596793958,0.0,,0.0,,0.0,0.0,0.0,0.0,0.0,0.0,0.0,0.0
Vikarabad,Telangana,0.44444444444442865,urban_flood,0.32659888053522346,1.0,Moderate,0.8983050847457628,Extreme,0.6204819277108433,0.5786936345504294,0.6708860759493671,0.9339490062236498,0.41387607780228597,0.6162514085388756,0.9183673469387754,0.0
Vikarabad,Telangana,0.5555555555555429,normal,0.21826251117808765,0.0,,0.0,,0.0,0.0,0.0,0.0,0.0,0.0,0.0,0.0
Vikarabad,Telangana,0.6666666666666572,flood,0.37107938926241185,1.0,Severe,0.9491525423728814,Extreme,0.9799196787148593,0.7860202660038287,0.05063291139240506,0.14033326641236699,0.7475837176659315,0.851133091273319,0.32653061224489793,1.0
Vikarabad,Telangana,0.7777777777777715,drought,0.0882654920014573,0.0,,0.0,,0.0,0.0,0.0,0.0,0.0,0.0,0.0,0.0
Vikarabad,Telangana,0.8888888888888857,waterlogging,0.27476567416288544,1.0,Moderate,0.3389830508474576,Severe,0.5080321285140562,0.2679302015575356,0.3037974683544304,0.5619353543465168,0.9451173049929817,0.2978590209089771,0.3061224489795918,1.0
Vikarabad,Telangana,1.0,extreme_flood,0.5234325837114564,1.0,Catastrophic,0.01694915254237288,Mild,0.2771084337349397,0.5576498651939904,0.3670886075949367,0.7191327042762498,0.014257068377782234,0.6809815950920245,0.7755102040816326,1.0
Siddipet,Telangana,0.0,extreme_flood,0.6425330374590139,1.0,Catastrophic,0.15254237288135594,Moderate,0.2971887550200803,0.3982921231194812,0.9113924050632911,0.41337080907448304,0.5705634650090234,0.6226367847752597,0.673469387755102,0.0
Siddipet,Telangana,0.11111111111111427,mild,0.25340310668035637,0.0,,0.0,,0.0,0.0,0.0,0.0,0.0,0.0,0.0,0.0
Siddipet,Telangana,0.22222222222220012,severe_drought,0.045308515218759324,0.0,,0.0,,0.0,0.0,0.0,0.0,0.0,0.0,0.0,0.0
Siddipet,Telangana,0.3333333333333144,urban_flood,0.40032457854469583,1.0,Moderate,0.11864406779661017,Moderate,0.03012048192771084,0.4015515219548375,0.6962025316455696,0.46536839991969486,0.35626629236013635,0.11706523100037561,0.4693877551020408,0.0
Siddipet,Telangana,0.44444444444442865,normal,0.23992316099758226,0.0,,0.0,,0.0,0.0,0.0,0.0,0.0,0.0,0.0,0.0
Siddipet,Telangana,0.5555555555555429,flood,0.4356638956049416,1.0,Severe,0.5423728813559322,Severe,0.8614457831325301,0.5043528810399607,0.3924050632911392,0.9459947801646256,0.7946460798074995,0.7637410792537873,0.2857142857142857,1.0
Siddipet,Telangana,0.6666666666666572,drought,0.16901268505945088,0.0,,0.0,,0.0,0.0,0.0,0.0,0.0,0.0,0.0,0.0
Siddipet,Telangana,0.7777777777777715,waterlogging,0.30106316033517705,1.0,Moderate,0.4406779661016949,Severe,0.0321285140562249,0.0778487165866517,0.9620253164556962,0.38867697249548283,0.1715660717866453,0.5357455865781895,0.836734693877551,1.0
Siddipet,Telangana,0.8888888888888857,extreme_flood,0.6507468618553971,1.0,Catastrophic,0.576271186440678,Severe,0.6405622489959839,0.43835707055014883,0.9620253164556962,0.33607709295322225,0.6033487066372569,0.8050582196068611,0.16326530612244897,0.0
Siddipet,Telangana,1.0,mild,0.25896731030371284,0.0,,0.0,,0.0,0.0,0.0,0.0,0.0,0.0,0.0,0.0
Jangaon,Telangana,0.0,mild,0.252475739409797,0.0,,0.0,,0.0,0.0,0.0,0.0,0.0,0.0,0.0,0.0
Jangaon,Telangana,0.11111111111111427,severe_drought,0.06425330374590138,0.0,,0.0,,0.0,0.0,0.0,0.0,0.0,0.0,0.0,0.0
Jangaon,Telangana,0.22222222222220012,urban_flood,0.34312589010697847,1.0,Moderate,0.6610169491525424,Severe,0.6706827309236947,0.6719152476120794,0.6329113924050633,0.19474001204577396,0.5031882895528373,0.04820333041191936,0.6326530612244897,1.0
Jangaon,Telangana,0.3333333333333144,normal,0.26383598847414963,0.0,,0.0,,0.0,0.0,0.0,0.0,0.0,0.0,0.0,0.0
Jangaon,Telangana,0.44444444444442865,flood,0.40025833802537014,1.0,Severe,0.3728813559322034,Severe,0.7088353413654618,0.15738726910085896,0.4050632911392405,0.8038546476611123,0.43296571084820534,0.8051834230624765,0.08163265306122448,0.0
Jangaon,Telangana,0.5555555555555429,drought,0.1755373762130295,0.0,,0.0,,0.0,0.0,0.0,0.0,0.0,0.0,0.0,0.0
Jangaon,Telangana,0.6666666666666572,waterlogging,0.3187493789951314,1.0,Moderate,0.9491525423728814,Extreme,0.8694779116465863,0.3512513405430327,0.31645569620253167,0.4129692832764505,0.7774212953679567,0.4558657818955803,0.6122448979591836,1.0
Jangaon,Telangana,0.7777777777777715,extreme_flood,0.6645580101347996,1.0,Catastrophic,0.0847457627118644,Mild,0.6947791164658634,0.6170446914495906,0.4810126582278481,0.8927926119253162,0.4162622819330259,0.9954926755978465,0.1020408163265306,1.0
Jangaon,Telangana,0.8888888888888857,mild,0.2497267578577816,0.0,,0.0,,0.0,0.0,0.0,0.0,0.0,0.0,0.0,0.0
Jangaon,Telangana,1.0,severe_drought,0.02278673864803099,0.0,,0.0,,0.0,0.0,0.0,0.0,0.0,0.0,0.0,0.0
Warangal,Telangana,0.0,severe_drought,0.0979697280826682,0.0,,0.0,,0.0,0.0,0.0,0.0,0.0,0.0,0.0,0.0
Warangal,Telangana,0.11111111111111427,urban_flood,0.43619381975954696,1.0,Moderate,0.7288135593220338,Extreme,0.8393574297188754,0.25942088540988045,0.4430379746835443,0.8454125677574784,0.694626027671947,0.14774007762614247,0.061224489795918366,1.0
Warangal,Telangana,0.22222222222220012,normal,0.2418110157983639,0.0,,0.0,,0.0,0.0,0.0,0.0,0.0,0.0,0.0,0.0
Warangal,Telangana,0.3333333333333144,flood,0.4000596164673932,1.0,Severe,0.8983050847457628,Extreme,0.7289156626506024,0.7435177853727962,0.45569620253164556,0.13993174061433447,0.875095247643874,0.7915362464004007,0.5918367346938775,1.0
Warangal,Telangana,0.44444444444442865,drought,0.18163150399099132,0.0,,0.0,,0.0,0.0,0.0,0.0,0.0,0.0,0.0,0.0
Warangal,Telangana,0.5555555555555429,waterlogging,0.41337396085185313,1.0,Moderate,0.864406779661017,Extreme,0.38755020080321284,0.38285107193328854,0.4050632911392405,0.9714916683396908,0.6135953479045518,0.7728809315137096,0.5510204081632653,1.0
Warangal,Telangana,0.6666666666666572,extreme_flood,0.7169873811810685,1.0,Catastrophic,0.13559322033898305,Moderate,0.8092369477911646,0.9604221582993395,0.8734177215189873,0.22565749849427827,0.1417685983557249,0.7110304244397144,0.9591836734693877,1.0
Warangal,Telangana,0.7777777777777715,mild,0.26353790613718414,0.0,,0.0,,0.0,0.0,0.0,0.0,0.0,0.0,0.0,0.0
Warangal,Telangana,0.8888888888888857,severe_drought,0.08217136422349551,0.0,,0.0,,0.0,0.0,0.0,0.0,0.0,0.0,0.0,0.0
Warangal,Telangana,1.0,urban_flood,0.36144139370052664,1.0,Moderate,0.3898305084745763,Severe,0.859437751004016,0.27386567508243714,0.6835443037974683,0.6882152178277454,0.2487266893924203,0.5241016652059597,0.2857142857142857,1.0
Hanamkonda,Telangana,0.0,urban_flood,0.39466101414235094,1.0,Moderate,0.5254237288135594,Severe,0.9457831325301204,0.4243372455473926,0.16455696202531644,0.7022686207588837,0.921736514938841,0.11631401026668337,0.32653061224489793,0.0
Hanamkonda,Telangana,0.11111111111111427,normal,0.23094757062895377,0.0,,0.0,,0.0,0.0,0.0,0.0,0.0,0.0,0.0,0.0
Hanamkonda,Telangana,0.22222222222220012,flood,0.5243930712416787,1.0,Severe,0.4745762711864407,Severe,0.8473895582329316,0.5469315345835045,0.8481012658227848,0.3830556113230275,0.39053539201925,0.933266558157005,0.12244897959183673,1.0
Hanamkonda,Telangana,0.3333333333333144,drought,0.1955088927897195,0.0,,0.0,,0.0,0.0,0.0,0.0,0.0,0.0,0.0,0.0
Hanamkonda,Telangana,0.44444444444442865,waterlogging,0.3953896598549333,1.0,Moderate,0.4915254237288136,Severe,0.13453815261044175,0.6658234191614966,0.6708860759493671,0.10218831559927725,0.5135953479045519,0.17591085513960183,0.26530612244897955,1.0
Hanamkonda,Telangana,0.5555555555555429,extreme_flood,0.6527340774351672,1.0,Catastrophic,0.7966101694915254,Extreme,0.9999999999999999,0.9261984705280988,0.1518987341772152,0.5783979120658502,0.0327250852215761,0.20095154626267683,0.5306122448979591,0.0
Hanamkonda,Telangana,0.6666666666666572,mild,0.2919882091875601,0.0,,0.0,,0.0,0.0,0.0,0.0,0.0,0.0,0.0,0.0
Hanamkonda,Telangana,0.7777777777777715,severe_drought,0.0642864240055642,0.0,,0.0,,0.0,0.0,0.0,0.0,0.0,0.0,0.0,0.0
Hanamkonda,Telangana,0.8888888888888857,urban_flood,0.34630543503461075,1.0,Moderate,0.5423728813559322,Severe,0.2008032128514056,0.6708648632395537,0.2911392405063291,0.8227263601686409,0.2972729095648687,0.029798422436459245,0.6326530612244897,1.0
Hanamkonda,Telangana,1.0,normal,0.2670155334017819,0.0,,0.0,,0.0,0.0,0.0,0.0,0.0,0.0,0.0,0.0
Mahabubabad,Telangana,0.0,normal,0.27059252144536816,0.0,,0.0,,0.0,0.0,0.0,0.0,0.0,0.0,0.0,0.0
Mahabubabad,Telangana,0.11111111111111427,flood,0.4294704070479913,1.0,Severe,0.3389830508474576,Severe,0.6726907630522088,0.8062121014703377,0.569620253164557,0.2118048584621562,0.26607178664527775,0.8546387880305496,0.16326530612244897,1.0
Mahabubabad,Telangana,0.22222222222220012,drought,0.1656012983141788,0.0,,0.0,,0.0,0.0,0.0,0.0,0.0,0.0,0.0,0.0
Mahabubabad,Telangana,0.3333333333333144,waterlogging,0.3507104295697679,1.0,Moderate,0.711864406779661,Extreme,0.825301204819277,0.12071602537760717,0.02531645569620253,0.30556113230275045,0.0035091237216763587,0.626392888443721,0.18367346938775508,1.0
Mahabubabad,Telangana,0.44444444444442865,extreme_flood,0.7480873050044714,1.0,Catastrophic,1.0,Extreme,0.28112449799196787,0.022086135527647762,0.18987341772151897,0.3898815498895804,0.6498295568478043,0.8805559033429321,0.4081632653061224,1.0
Mahabubabad,Telangana,0.5555555555555429,mild,0.31815321432120036,0.0,,0.0,,0.0,0.0,0.0,0.0,0.0,0.0,0.0,0.0
Mahabubabad,Telangana,0.6666666666666572,severe_drought,0.10730964130758787,0.0,,0.0,,0.0,0.0,0.0,0.0,0.0,0.0,0.0,0.0
Mahabubabad,Telangana,0.7777777777777715,urban_flood,0.4232106779717153,1.0,Moderate,0.9152542372881356,Extreme,0.8935742971887549,0.16255099074900023,0.5949367088607594,0.02790604296326039,0.4396029677160618,0.5258545135845749,0.32653061224489793,1.0
Mahabubabad,Telangana,0.8888888888888857,normal,0.2983141787831617,0.0,,0.0,,0.0,0.0,0.0,0.0,0.0,0.0,0.0,0.0
Mahabubabad,Telangana,1.0,flood,0.5429072963932039,1.0,Severe,0.7288135593220338,Extreme,0.3273092369477911,0.7719824000481093,0.7088607594936709,0.4776149367596868,0.07407258873069981,0.045073244021534994,0.12244897959183673,1.0
Nirmal,Telangana,0.0,flood,0.5248567548769584,1.0,Severe,0.3220338983050847,Moderate,0.6646586345381525,0.6665310254277209,0.0379746835443038,0.8255370407548686,0.4366553037898536,0.6639539251283334,0.24489795918367346,1.0
Nirmal,Telangana,0.11111111111111427,drought,0.15934156923790282,0.0,,0.0,,0.0,0.0,0.0,0.0,0.0,0.0,0.0,0.0
Nirmal,Telangana,0.22222222222220012,waterlogging,0.36746928095916276,1.0,Moderate,0.13559322033898305,Moderate,0.2550200803212851,0.7157527587623906,0.9367088607594937,0.6631198554507127,0.4194104672147584,0.6280205333667209,0.6938775510204082,1.0
Nirmal,Telangana,0.3333333333333144,extreme_flood,0.7789222667505714,1.0,Catastrophic,0.23728813559322035,Moderate,0.5100401606425702,0.9232257223898249,0.06329113924050633,0.5304155792009637,0.6386805694806497,0.9291348441216977,0.42857142857142855,0.0
Nirmal,Telangana,0.44444444444442865,mild,0.30417646474348364,0.0,,0.0,,0.0,0.0,0.0,0.0,0.0,0.0,0.0,0.0
Nirmal,Telangana,0.5555555555555429,severe_drought,0.04027423575000827,0.0,,0.0,,0.0,0.0,0.0,0.0,0.0,0.0,0.0,0.0
Nirmal,Telangana,0.6666666666666572,urban_flood,0.4901467227503064,1.0,Moderate,0.7288135593220338,Extreme,0.7128514056224899,0.5152035119721768,0.9620253164556962,0.25516964464966874,0.41148987367154605,0.7673719794666332,0.8571428571428571,1.0
Nirmal,Telangana,0.7777777777777715,normal,0.2685059450866095,0.0,,0.0,,0.0,0.0,0.0,0.0,0.0,0.0,0.0,0.0
Nirmal,Telangana,0.8888888888888857,flood,0.48484748120425275,1.0,Severe,0.559322033898305,Severe,0.5200803212851405,0.5864833171298849,0.6962025316455696,0.13410961654286288,0.14766392620814117,0.7061474896707148,0.7959183673469387,0.0
Nirmal,Telangana,1.0,drought,0.1543072897691518,0.0,,0.0,,0.0,0.0,0.0,0.0,0.0,0.0,0.0,0.0
Adilabad,Telangana,0.0,drought,0.1804060543834664,0.0,,0.0,,0.0,0.0,0.0,0.0,0.0,0.0,0.0,0.0
Adilabad,Telangana,0.11111111111111427,waterlogging,0.44324843506773093,1.0,Moderate,0.3898305084745763,Severe,0.5220883534136546,0.4778326801840177,0.34177215189873417,0.13651877133105803,0.3614196911971125,0.9127331914360836,0.673469387755102,0.0
Adilabad,Telangana,0.22222222222220012,extreme_flood,0.7581558639419735,1.0,Catastrophic,0.4576271186440678,Severe,0.9297188755020079,0.5285939081715494,0.3670886075949367,0.9032322826741618,0.04826549027471426,0.05283585826968824,0.02040816326530612,0.0
Adilabad,Telangana,0.3333333333333144,mild,0.3446494220514689,0.0,,0.0,,0.0,0.0,0.0,0.0,0.0,0.0,0.0,0.0
Adilabad,Telangana,0.44444444444442865,severe_drought,0.06097439803928062,0.0,,0.0,,0.0,0.0,0.0,0.0,0.0,0.0,0.0,0.0
Adilabad,Telangana,0.5555555555555429,urban_flood,0.451097936607823,1.0,Moderate,0.3559322033898305,Severe,0.14056224899598393,0.7874414921872651,0.06329113924050633,0.5159606504717928,0.04902747142570684,0.9159884812820833,0.673469387755102,0.0
Adilabad,Telangana,0.6666666666666572,normal,0.28801377802801975,0.0,,0.0,,0.0,0.0,0.0,0.0,0.0,0.0,0.0,0.0
Adilabad,Telangana,0.7777777777777715,flood,0.6327294405988144,1.0,Severe,0.4406779661016949,Severe,0.4277108433734939,0.13012738917342367,0.3037974683544304,0.9993977113029512,0.36757569681171043,0.43095029422812065,0.8571428571428571,1.0
Adilabad,Telangana,0.8888888888888857,drought,0.17113238167787237,0.0,,0.0,,0.0,0.0,0.0,0.0,0.0,0.0,0.0,0.0
Adilabad,Telangana,1.0,waterlogging,0.43096081873281894,1.0,Moderate,0.8813559322033898,Extreme,0.36345381526104414,0.11407495013681056,0.4050632911392405,0.1308974101586027,0.7161219169841588,0.8421184424690121,0.04081632653061224,0.0
Kumuram Bheem,Telangana,0.0,waterlogging,0.550127512999702,1.0,Moderate,0.3050847457627119,Moderate,0.5481927710843373,0.11883375261844387,0.4050632911392405,0.09275245934551295,0.06765590535392019,0.11518717916614497,0.2040816326530612,1.0
Kumuram Bheem,Telangana,0.11111111111111427,extreme_flood,0.9957606067631574,1.0,Catastrophic,0.23728813559322035,Moderate,0.8654618473895581,0.13544345664658775,0.31645569620253167,0.6611122264605501,0.13098054942851414,0.8053086265180919,0.4693877551020408,1.0
Kumuram Bheem,Telangana,0.22222222222220012,mild,0.4091014473553473,0.0,,0.0,,0.0,0.0,0.0,0.0,0.0,0.0,0.0,0.0
Kumuram Bheem,Telangana,0.3333333333333144,severe_drought,0.07306329281621568,0.0,,0.0,,0.0,0.0,0.0,0.0,0.0,0.0,0.0,0.0
Kumuram Bheem,Telangana,0.44444444444442865,urban_flood,0.5665220415328057,1.0,Moderate,0.5423728813559322,Severe,0.9036144578313252,0.5623324947631123,0.26582278481012656,0.20317205380445694,0.22197714056547022,0.385000626017278,0.9999999999999999,1.0
Kumuram Bheem,Telangana,0.5555555555555429,normal,0.3221607657404034,0.0,,0.0,,0.0,0.0,0.0,0.0,0.0,0.0,0.0,0.0
Kumuram Bheem,Telangana,0.6666666666666572,flood,0.5924220845891434,1.0,Severe,0.01694915254237288,Mild,0.25301204819277107,0.0782716767061229,0.9620253164556962,0.761493675968681,0.088189292159615,0.08513834981845499,0.5918367346938775,0.0
Kumuram Bheem,Telangana,0.7777777777777715,drought,0.16868148246282255,0.0,,0.0,,0.0,0.0,0.0,0.0,0.0,0.0,0.0,0.0
Kumuram Bheem,Telangana,0.8888888888888857,waterlogging,0.4913721723578314,1.0,Moderate,0.2542372881355932,Moderate,0.9939759036144578,0.3045914225291412,0.05063291139240506,0.2895001003814495,0.014597954682173652,0.2780768749217478,0.6938775510204082,1.0
Kumuram Bheem,Telangana,1.0,extreme_flood,1.0,1.0,Catastrophic,0.8135593220338984,Extreme,0.9076305220883534,0.2859511090174697,0.9746835443037974,0.7305761895201767,0.5681772608782836,0.45261049204958054,0.8163265306122448,1.0
Mancherial,Telangana,0.0,extreme_flood,0.8012784420229856,1.0,Catastrophic,0.4576271186440678,Severe,0.5562248995983935,0.36225231274994235,0.31645569620253167,0.37803653884762095,0.7064968919189893,0.8257167897833979,0.7755102040816326,1.0
Mancherial,Telangana,0.11111111111111427,mild,0.32679760209320047,0.0,,0.0,,0.0,0.0,0.0,0.0,0.0,0.0,0.0,0.0
Mancherial,Telangana,0.22222222222220012,severe_drought,0.03527307654092009,0.0,,0.0,,0.0,0.0,0.0,0.0,0.0,0.0,0.0,0.0
Mancherial,Telangana,0.3333333333333144,urban_flood,0.43675686417381515,1.0,Moderate,0.4406779661016949,Severe,0.9759036144578312,0.109322161306165,0.37974683544303794,0.7408150973700061,0.7763384800481251,0.81807937899086,0.9795918367346939,1.0
Mancherial,Telangana,0.44444444444442865,normal,0.3248103865134303,0.0,,0.0,,0.0,0.0,0.0,0.0,0.0,0.0,0.0,0.0
Mancherial,Telangana,0.5555555555555429,flood,0.45159474050276555,1.0,Severe,0.5423728813559322,Severe,0.7309236947791165,0.7947560963386888,0.6962025316455696,0.26460550090343304,0.19909765390014036,0.9857268060598471,0.9591836734693877,1.0
Mancherial,Telangana,0.6666666666666572,drought,0.1755373762130295,0.0,,0.0,,0.0,0.0,0.0,0.0,0.0,0.0,0.0,0.0
Mancherial,Telangana,0.7777777777777715,waterlogging,0.43377604080415993,1.0,Moderate,0.1694915254237288,Moderate,0.33935742971887545,0.5115652531245928,0.7974683544303798,0.5633406946396307,0.9199318227391218,0.5440090146488042,0.6326530612244897,0.0
Mancherial,Telangana,0.8888888888888857,extreme_flood,0.669724770642202,1.0,Catastrophic,0.9830508474576272,Extreme,0.7409638554216866,0.6005412285888968,0.5063291139240507,0.399518169042361,0.31082815319831564,0.636409164892951,0.6530612244897959,0.0
Mancherial,Telangana,1.0,mild,0.3120259662835757,0.0,,0.0,,0.0,0.0,0.0,0.0,0.0,0.0,0.0,0.0
Asifabad,Telangana,0.0,mild,0.3366343192130627,0.0,,0.0,,0.0,0.0,0.0,0.0,0.0,0.0,0.0,0.0
Asifabad,Telangana,0.11111111111111427,severe_drought,0.1446692942072666,0.0,,0.0,,0.0,0.0,0.0,0.0,0.0,0.0,0.0,0.0
Asifabad,Telangana,0.22222222222220012,urban_flood,0.5205180008611269,1.0,Moderate,0.7457627118644068,Extreme,0.25903614457831325,0.8923436200174396,0.5822784810126582,0.0825135514956836,0.6628634449568879,0.6360335545261049,0.673469387755102,1.0
Asifabad,Telangana,0.3333333333333144,normal,0.3332560527274534,0.0,,0.0,,0.0,0.0,0.0,0.0,0.0,0.0,0.0,0.0
Asifabad,Telangana,0.44444444444442865,flood,0.5972907627595802,1.0,Severe,0.4915254237288136,Severe,0.5481927710843373,0.21518246419371975,0.22784810126582278,0.6482634009235093,0.010747944656105875,0.9734568674095404,0.02040816326530612,1.0
Asifabad,Telangana,0.5555555555555429,drought,0.2486669095485709,0.0,,0.0,,0.0,0.0,0.0,0.0,0.0,0.0,0.0,0.0
Asifabad,Telangana,0.6666666666666572,waterlogging,0.4961414897492797,1.0,Moderate,0.8983050847457628,Extreme,0.57429718875502,0.2004650556763854,0.6582278481012658,0.7096968480224854,0.03916182073390816,0.43608363590835103,0.7959183673469387,1.0
Asifabad,Telangana,0.7777777777777715,extreme_flood,0.7045010432881795,1.0,Catastrophic,0.9152542372881356,Extreme,0.04618473895582329,0.2970563178415002,0.7594936708860759,0.9568359767115038,0.35440144375375976,0.914861650181545,0.4897959183673469,1.0
Asifabad,Telangana,0.8888888888888857,mild,0.3371311231080052,0.0,,0.0,,0.0,0.0,0.0,0.0,0.0,0.0,0.0,0.0
Asifabad,Telangana,1.0,severe_drought,0.10833636935713577,0.0,,0.0,,0.0,0.0,0.0,0.0,0.0,0.0,0.0,0.0
