District,State,Year,Month,Month_Number,Scenario,Data_Type,Rainfall_mm,Normal_Rainfall_mm,Departure_mm,Departure_Percent,Rainfall_Category,Flood_Probability_Percent
49,0,2025,4,0.0,5,0,0.0178191924145823,0.0159651669085631,0.4285190615835777,0.4053112755768394,3,0.109
49,0,2025,3,0.0909090909090909,5,0,0.0137322216772927,0.0159651669085631,0.4239369501466276,0.3064867218110579,3,0.0
49,0,2025,7,0.1818181818181818,5,1,0.0145496158247506,0.0159651669085631,0.4248533724340176,0.326512842838485,3,0.0
49,0,2025,0,0.2727272727272727,5,1,0.028445316331535,0.0478955007256894,0.4202712609970674,0.2868959512407488,3,0.0
49,0,2025,8,0.3636363636363636,5,1,0.0709498119993461,0.1117561683599419,0.4276026392961877,0.3561166739225076,3,0.018
49,0,2025,6,0.4545454545454545,5,1,0.288213176393657,0.4629898403483309,0.4494134897360703,0.3800609490639965,3,0.063
49,0,2025,5,0.5454545454545454,5,1,0.4449893738760831,0.7822931785195937,0.4235703812316715,0.3443622115803221,3,0.0
49,0,2025,1,0.6363636363636364,5,1,0.4062448912865784,0.6865021770682148,0.4406158357771261,0.3604701784936874,3,0.027
49,0,2025,11,0.7272727272727273,5,1,0.2888670917116234,0.4629898403483309,0.4501466275659824,0.3813670004353504,3,0.064
49,0,2025,10,0.8181818181818182,5,1,0.1698545038417525,0.3033381712626996,0.4175219941348974,0.3282542446669569,3,0.0
49,0,2025,9,0.9090909090909092,5,1,0.0595062939349354,0.0798258345428156,0.4349340175953079,0.412276882890727,3,0.121
49,0,2025,2,1.0,5,1,0.0188000653915317,0.0159651669085631,0.4296187683284457,0.4292555507183282,3,0.153
50,0,2025,4,0.0,3,0,0.0119339545528854,0.0145137880986937,0.4228372434017595,0.2799303439268611,3,0.0
50,0,2025,3,0.0909090909090909,3,0,0.0119339545528854,0.0145137880986937,0.4228372434017595,0.2799303439268611,3,0.0
50,0,2025,7,0.1818181818181818,3,1,0.0119339545528854,0.0145137880986937,0.4228372434017595,0.2799303439268611,3,0.0
50,0,2025,0,0.2727272727272727,3,1,0.0264835703776361,0.0449927431059506,0.4199046920821114,0.2799303439268611,3,0.0
50,0,2025,8,0.3636363636363636,3,1,0.0935098904691842,0.1059506531204644,0.4565615835777126,0.520243796255986,1,0.32
50,0,2025,6,0.4545454545454545,3,1,0.3578551577570705,0.4412191582002903,0.5412390029325513,0.520243796255986,1,0.32
50,0,2025,5,0.5454545454545454,3,1,0.3621056073238516,0.7460087082728593,0.3535557184750733,0.2808010448410971,3,0.0
50,0,2025,1,0.6363636363636364,3,1,0.3182932810201079,0.6545718432510885,0.3621700879765396,0.2808010448410971,3,0.0
50,0,2025,11,0.7272727272727273,3,1,0.2162824914173615,0.4412191582002903,0.3825146627565982,0.2808010448410971,3,0.0
50,0,2025,10,0.8181818181818182,3,1,0.1432074546346248,0.2888243831640057,0.3968108504398827,0.2808010448410971,3,0.0
50,0,2025,9,0.9090909090909092,3,1,0.0411966650318783,0.0754716981132075,0.4171554252199413,0.2812363952982151,3,0.0
50,0,2025,2,1.0,3,1,0.0119339545528854,0.0145137880986937,0.4228372434017595,0.2799303439268611,3,0.0
45,0,2025,4,0.0,1,0,0.0181461500735654,0.0174165457184325,0.4279692082111437,0.391380060949064,3,0.083
45,0,2025,3,0.0909090909090909,1,0,0.0181461500735654,0.0174165457184325,0.4279692082111437,0.391380060949064,3,0.083
45,0,2025,7,0.1818181818181818,1,1,0.0181461500735654,0.0174165457184325,0.4279692082111437,0.391380060949064,3,0.083
45,0,2025,0,0.2727272727272727,1,1,0.0387444825895046,0.0507982583454281,0.4299853372434017,0.3896386591205921,3,0.08
45,0,2025,8,0.3636363636363636,1,1,0.0801046264508746,0.1175616835994194,0.4342008797653959,0.3896386591205921,3,0.08
45,0,2025,6,0.4545454545454545,1,1,0.0820663724047735,0.4847605224963715,0.2045454545454545,0.0413582934262081,0,0.0
45,0,2025,5,0.5454545454545454,1,1,0.1383030897498774,0.8185776487663281,0.0568181818181818,0.0413582934262081,0,0.0
45,0,2025,1,0.6363636363636364,1,1,0.4523459212032042,0.7184325108853411,0.4721407624633431,0.3896386591205921,3,0.08
45,0,2025,11,0.7272727272727273,1,1,0.3076671571031552,0.4847605224963715,0.4574780058651027,0.3896386591205921,3,0.08
45,0,2025,10,0.8181818181818182,1,1,0.2041850580349845,0.3178519593613933,0.4468475073313783,0.3896386591205921,3,0.08
45,0,2025,9,0.9090909090909092,1,1,0.0595062939349354,0.0841799709724238,0.4321847507331378,0.39007400957771,3,0.081
45,0,2025,2,1.0,1,1,0.0181461500735654,0.0174165457184325,0.4279692082111437,0.391380060949064,3,0.083
8,0,2025,4,0.0,4,0,0.0336766388752656,0.0188679245283018,0.4444648093841642,0.7161515019590771,2,0.68
8,0,2025,3,0.0909090909090909,4,0,0.0400523132254373,0.0188679245283018,0.4516129032258064,0.8576404005224205,2,0.94
8,0,2025,7,0.1818181818181818,4,1,0.0395618767369625,0.0188679245283018,0.4510630498533724,0.846756639094471,2,0.92
8,0,2025,0,0.2727272727272727,4,1,0.0745463462481608,0.0537010159651669,0.468291788856305,0.7670875054418808,2,0.773
8,0,2025,8,0.3636363636363636,4,1,0.1592283799247997,0.1233671988388969,0.5192448680351907,0.8084457988680889,2,0.85
8,0,2025,6,0.4545454545454545,4,1,0.5172470165113618,0.5065312046444123,0.6787023460410557,0.6800174140182847,2,0.613
8,0,2025,5,0.5454545454545454,4,1,1.0,0.8548621190130624,1.0,0.8006094906399652,2,0.835
8,0,2025,1,0.6363636363636364,4,1,0.6347882949158085,0.7503628447024674,0.656524926686217,0.5537657814540705,1,0.382
8,0,2025,11,0.7272727272727273,4,1,0.5407879679581494,0.5065312046444123,0.7050953079178885,0.7148454505877231,2,0.677
8,0,2025,10,0.8181818181818182,4,1,0.2810201078960275,0.332365747460087,0.5238269794721407,0.5402699172834131,1,0.357
8,0,2025,9,0.9090909090909092,4,1,0.0925290174922347,0.0885341074020319,0.4664589442815249,0.6147148454505877,1,0.493
8,0,2025,2,1.0,4,1,0.0264835703776361,0.0188679245283018,0.4364002932551319,0.5563778841967784,1,0.387
53,0,2025,4,0.0,2,0,0.0014713094654242,0.0145137880986937,0.4111070381231672,0.0143665650848933,0,0.0
53,0,2025,3,0.0909090909090909,2,0,0.0034330554193231,0.0145137880986937,0.4133064516129032,0.063996517196343,0,0.0
53,0,2025,7,0.1818181818181818,2,1,0.00310609776034,0.0145137880986937,0.4129398826979472,0.0557248585111014,0,0.0
53,0,2025,0,0.2727272727272727,2,1,0.0091548144515285,0.0449927431059506,0.4004765395894428,0.0600783630822812,0,0.0
53,0,2025,8,0.3636363636363636,2,1,0.0150400523132254,0.1059506531204644,0.3685850439882698,0.0226382237701349,0,0.0
53,0,2025,6,0.4545454545454545,2,1,0.1350335131600458,0.4412191582002903,0.2914222873900293,0.1436656508489334,0,0.0
53,0,2025,5,0.5454545454545454,2,1,0.107242112146477,0.7460087082728593,0.0678152492668621,0.0222028733130169,0,0.0
53,0,2025,1,0.6363636363636364,2,1,0.2120320418505804,0.6545718432510885,0.2430351906158357,0.1580322159338267,0,0.0
53,0,2025,11,0.7272727272727273,2,1,0.0609776034003596,0.4412191582002903,0.2083944281524927,0.0182847191989551,0,0.0
53,0,2025,10,0.8181818181818182,2,1,0.0575445479810364,0.2888243831640057,0.3007697947214076,0.0631258162821071,0,0.0
53,0,2025,9,0.9090909090909092,2,1,0.0255026974006866,0.0754716981132075,0.3995601173020528,0.1484545058772312,0,0.0
53,0,2025,2,1.0,2,1,0.0027791401013568,0.0145137880986937,0.4125733137829912,0.0474531998258598,0,0.0
22,0,2025,4,0.0,0,0,0.0120974333823769,0.011611030478955,0.4248533724340176,0.3230300391815411,3,0.0
22,0,2025,3,0.0909090909090909,0,0,0.0120974333823769,0.011611030478955,0.4248533724340176,0.3230300391815411,3,0.0
22,0,2025,7,0.1818181818181818,0,1,0.0120974333823769,0.011611030478955,0.4248533724340176,0.3230300391815411,3,0.0
22,0,2025,0,0.2727272727272727,0,1,0.0269740068661108,0.0391872278664731,0.4241202346041056,0.325642141924249,3,0.0
22,0,2025,8,0.3636363636363636,0,1,0.0564001961745954,0.0943396226415094,0.4222873900293255,0.3243360905528951,3,0.0
22,0,2025,6,0.4545454545454545,0,1,0.2187346738597352,0.397677793904209,0.4127565982404692,0.3243360905528951,3,0.0
22,0,2025,5,0.5454545454545454,0,1,0.3661925780611411,0.6734397677793905,0.4039589442815249,0.3243360905528951,3,0.0
22,0,2025,1,0.6363636363636364,0,1,0.3218898152689227,0.5907111756168361,0.406524926686217,0.3243360905528951,3,0.0
22,0,2025,11,0.7272727272727273,0,1,0.2187346738597352,0.397677793904209,0.4127565982404692,0.3243360905528951,3,0.0
22,0,2025,10,0.8181818181818182,0,1,0.3856465587706392,0.2597968069666183,0.686950146627566,0.999129299085764,2,1.0
22,0,2025,9,0.9090909090909092,0,1,0.1137812653261402,0.0667634252539913,0.5040322580645161,0.9982585981715282,2,1.0
22,0,2025,2,1.0,0,1,0.0120974333823769,0.011611030478955,0.4248533724340176,0.3230300391815411,3,0.0
11,0,2025,4,0.0,5,0,0.0109530815759359,0.0101596516690856,0.4244868035190616,0.3121462777535916,3,0.0
11,0,2025,3,0.0909090909090909,5,0,0.0104626450874611,0.0101596516690856,0.4239369501466276,0.2977797126686983,3,0.0
11,0,2025,7,0.1818181818181818,5,1,0.0102991662579695,0.0101596516690856,0.4237536656891496,0.2929908576404005,3,0.0
11,0,2025,0,0.2727272727272727,5,1,0.0248487820827202,0.0362844702467343,0.4235703812316715,0.3169351327818894,3,0.0
11,0,2025,8,0.3636363636363636,5,1,0.0523132254373058,0.0885341074020319,0.4213709677419355,0.3169351327818894,3,0.0
11,0,2025,6,0.4545454545454545,5,1,0.2394964852051659,0.3759071117561683,0.4497800586510264,0.3883326077492381,3,0.078
11,0,2025,5,0.5454545454545454,5,1,0.40019617459539,0.6371552975326561,0.4649926686217008,0.3874619068350022,3,0.076
11,0,2025,1,0.6363636363636364,5,1,0.3472290338401178,0.5587808417997098,0.4550953079178885,0.3813670004353504,3,0.065
11,0,2025,11,0.7272727272727273,5,1,0.22543730586889,0.3759071117561683,0.4340175953079179,0.3604701784936874,3,0.027
11,0,2025,10,0.8181818181818182,5,1,0.13961092038581,0.2452830188679245,0.4202712609970674,0.3317370483239008,3,0.0
11,0,2025,9,0.9090909090909092,5,1,0.0426679744973026,0.0624092888243831,0.4270527859237537,0.3574227252938615,3,0.021
11,0,2025,2,1.0,5,1,0.0109530815759359,0.0101596516690856,0.4244868035190616,0.3121462777535916,3,0.0
39,0,2025,4,0.0,3,0,0.0091548144515285,0.0087082728592162,0.4233870967741935,0.2794949934697431,3,0.0
39,0,2025,3,0.0909090909090909,3,0,0.0091548144515285,0.0087082728592162,0.4233870967741935,0.2794949934697431,3,0.0
39,0,2025,7,0.1818181818181818,3,1,0.0091548144515285,0.0087082728592162,0.4233870967741935,0.2794949934697431,3,0.0
39,0,2025,0,0.2727272727272727,3,1,0.0209252901749223,0.0333817126269956,0.4210043988269795,0.2794949934697431,3,0.0
39,0,2025,8,0.3636363636363636,3,1,0.0752002615661271,0.0827285921625544,0.4506964809384164,0.520243796255986,1,0.32
39,0,2025,6,0.4545454545454545,3,1,0.2891940493706065,0.3541364296081277,0.5192448680351907,0.520243796255986,1,0.32
39,0,2025,5,0.5454545454545454,3,1,0.2926271047899297,0.6008708272859217,0.3673020527859237,0.2808010448410971,3,0.0
39,0,2025,1,0.6363636363636364,3,1,0.2571521987902567,0.5268505079825835,0.374266862170088,0.2808010448410971,3,0.0
39,0,2025,11,0.7272727272727273,3,1,0.1745953898970083,0.3541364296081277,0.3907624633431085,0.2808010448410971,3,0.0
39,0,2025,10,0.8181818181818182,3,1,0.115416053621056,0.2307692307692307,0.4023093841642229,0.2803656943839791,3,0.0
39,0,2025,9,0.9090909090909092,3,1,0.0328592447278077,0.058055152394775,0.4188049853372434,0.2812363952982151,3,0.0
39,0,2025,2,1.0,3,1,0.0091548144515285,0.0087082728592162,0.4233870967741935,0.2794949934697431,3,0.0
34,0,2025,4,0.0,1,0,0.0150400523132254,0.0124818577648766,0.4276026392961877,0.390509360034828,3,0.0819999999999999
34,0,2025,3,0.0909090909090909,1,0,0.0150400523132254,0.0124818577648766,0.4276026392961877,0.390509360034828,3,0.0819999999999999
34,0,2025,7,0.1818181818181818,1,1,0.0150400523132254,0.0124818577648766,0.4276026392961877,0.390509360034828,3,0.0819999999999999
34,0,2025,0,0.2727272727272727,1,1,0.0326957658983161,0.0409288824383164,0.4294354838709677,0.390509360034828,3,0.0819999999999999
34,0,2025,8,0.3636363636363636,1,1,0.067843714239006,0.0978229317851959,0.4329178885630498,0.3892033086634741,3,0.08
34,0,2025,6,0.4545454545454545,1,1,0.0694785025339218,0.4107402031930334,0.2371700879765396,0.0413582934262081,0,0.0
34,0,2025,5,0.5454545454545454,1,1,0.1175412784044466,0.6952104499274311,0.1114369501466275,0.0413582934262081,0,0.0
34,0,2025,1,0.6363636363636364,1,1,0.3851561222821645,0.6098693759071118,0.4653592375366569,0.3896386591205921,3,0.08
34,0,2025,11,0.7272727272727273,1,1,0.2617296060160209,0.4107402031930334,0.4527126099706745,0.3896386591205921,3,0.08
34,0,2025,10,0.8181818181818182,1,1,0.1736145169200588,0.2685050798258345,0.4437316715542522,0.3896386591205921,3,0.08
34,0,2025,9,0.9090909090909092,1,1,0.0501880006539153,0.0693759071117561,0.4310850439882698,0.3892033086634741,3,0.079
34,0,2025,2,1.0,1,1,0.0150400523132254,0.0124818577648766,0.4276026392961877,0.390509360034828,3,0.0819999999999999
24,0,2025,4,0.0,4,0,0.0168383194376328,0.0014513788098693,0.4365835777126099,0.7740531127557684,2,0.787
24,0,2025,3,0.0909090909090909,4,0,0.0156939676311917,0.0014513788098693,0.4353005865102639,0.7235524597300828,2,0.693
24,0,2025,7,0.1818181818181818,4,1,0.0148765734837338,0.0014513788098693,0.4343841642228739,0.6869830213321724,2,0.627
24,0,2025,0,0.2727272727272727,4,1,0.0376001307830636,0.0188679245283018,0.4488636363636363,0.8032215933826731,2,0.84
24,0,2025,8,0.3636363636363636,4,1,0.0804315841098577,0.0537010159651669,0.4748900293255132,0.8323900740095778,2,0.893
24,0,2025,6,0.4545454545454545,4,1,0.2473434690207618,0.2452830188679245,0.5410557184750733,0.6504135829342621,1,0.559
24,0,2025,5,0.5454545454545454,4,1,0.4714729442537192,0.4194484760522496,0.6823680351906158,0.7522855898998694,2,0.747
24,0,2025,1,0.6363636363636364,4,1,0.3575282000980874,0.3671988388969521,0.5876099706744868,0.6373530692207228,1,0.535
24,0,2025,11,0.7272727272727273,4,1,0.3179663233611248,0.2452830188679245,0.6202346041055719,0.8593818023508926,2,0.943
24,0,2025,10,0.8181818181818182,4,1,0.1360143861369952,0.1582002902757619,0.4712243401759531,0.5259033521985198,1,0.331
24,0,2025,9,0.9090909090909092,4,1,0.0500245218244237,0.0362844702467343,0.4517961876832844,0.6895951240748803,2,0.631
24,0,2025,2,1.0,4,1,0.0116069968939022,0.0014513788098693,0.4307184750733138,0.542011319111885,1,0.36
17,0,2025,4,0.0,2,0,0.0009808729769494,0.0043541364296081,0.4169721407624633,0.0474531998258598,0,0.0
17,0,2025,3,0.0909090909090909,2,0,0.0040869707372895,0.0043541364296081,0.4204545454545454,0.1658685241619504,0,0.0
17,0,2025,7,0.1818181818181818,2,1,0.0035965342488147,0.0043541364296081,0.4199046920821114,0.1471484545058772,0,0.0
17,0,2025,0,0.2727272727272727,2,1,0.0021252247833905,0.0246734397677793,0.405425219941349,0.0008707009142359,0,0.0
17,0,2025,8,0.3636363636363636,2,1,0.0165113617786496,0.0653120464441219,0.3958944281524926,0.0927296473661297,0,0.0
17,0,2025,6,0.4545454545454545,2,1,0.0730750367827366,0.2888243831640057,0.3181818181818182,0.1027427078798432,0,0.0
17,0,2025,5,0.5454545454545454,2,1,0.0956351152525748,0.4920174165457184,0.2151759530791789,0.0600783630822812,0,0.0
17,0,2025,1,0.6363636363636364,2,1,0.1000490436488474,0.4310595065312046,0.2586143695014663,0.0883761427949499,0,0.0
17,0,2025,11,0.7272727272727273,2,1,0.040542749713912,0.2888243831640057,0.281708211143695,0.020026121027427,0,0.0
17,0,2025,10,0.8181818181818182,2,1,0.0539480137322216,0.1872278664731494,0.3608870967741935,0.1258162821070962,0,0.0
17,0,2025,9,0.9090909090909092,2,1,0.0063756743501716,0.0449927431059506,0.3973607038123167,0.0248149760557248,0,0.0
17,0,2025,2,1.0,2,1,0.0004904364884747,0.0043541364296081,0.4164222873900293,0.0287331301697866,0,0.0
3,0,2025,4,0.0,0,0,0.0058852378616969,0.0,0.4252199413489736,0.3221593382673052,3,0.0
3,0,2025,3,0.0909090909090909,0,0,0.0058852378616969,0.0,0.4252199413489736,0.3221593382673052,3,0.0
3,0,2025,7,0.1818181818181818,0,1,0.0058852378616969,0.0,0.4252199413489736,0.3221593382673052,3,0.0
3,0,2025,0,0.2727272727272727,0,1,0.0143861369952591,0.0159651669085631,0.4246700879765396,0.3221593382673052,3,0.0
3,0,2025,8,0.3636363636363636,0,1,0.0315514140918751,0.0478955007256894,0.4237536656891496,0.3243360905528951,3,0.0
3,0,2025,6,0.4545454545454545,0,1,0.1255517410495341,0.2235123367198838,0.4182551319648094,0.3243360905528951,3,0.0
3,0,2025,5,0.5454545454545454,0,1,0.2108876900441393,0.3831640058055152,0.4131231671554252,0.3243360905528951,3,0.0
3,0,2025,1,0.6363636363636364,0,1,0.1852215138139611,0.3352685050798258,0.4145894428152493,0.3243360905528951,3,0.0
3,0,2025,11,0.7272727272727273,0,1,0.1255517410495341,0.2235123367198838,0.4182551319648094,0.3243360905528951,3,0.0
3,0,2025,10,0.8181818181818182,0,1,0.2221677292790584,0.1436865021770682,0.5769794721407625,0.999129299085764,2,1.0
3,0,2025,9,0.9090909090909092,0,1,0.064737616478666,0.0319303338171262,0.4710410557184751,0.99782324771441,2,1.0
3,0,2025,2,1.0,0,1,0.0058852378616969,0.0,0.4252199413489736,0.3221593382673052,3,0.0
7,0,2025,4,0.0,5,0,0.0114435180644106,0.0072568940493468,0.4268695014662756,0.3787548976926426,3,0.06
7,0,2025,3,0.0909090909090909,5,0,0.0111165604054275,0.0072568940493468,0.4265029325513196,0.3678711362646931,3,0.04
7,0,2025,7,0.1818181818181818,5,1,0.0127513487003433,0.0072568940493468,0.4283357771260997,0.4222899434044406,3,0.14
7,0,2025,0,0.2727272727272727,5,1,0.0269740068661108,0.0304789550072568,0.4296187683284457,0.4031345232912494,3,0.105
7,0,2025,8,0.3636363636363636,5,1,0.0550923655386627,0.0769230769230769,0.4318181818181818,0.390944710491946,3,0.0819999999999999
7,0,2025,6,0.4545454545454545,5,1,0.2272355729932973,0.332365747460087,0.4635263929618768,0.4209838920330866,3,0.1369999999999999
7,0,2025,5,0.5454545454545454,5,1,0.295242766061795,0.5645863570391872,0.3931451612903226,0.3073574227252938,3,0.0
7,0,2025,1,0.6363636363636364,5,1,0.2424391041360144,0.4949201741654571,0.3779325513196481,0.281671745755333,3,0.0
7,0,2025,11,0.7272727272727273,5,1,0.1791727971227726,0.332365747460087,0.4096407624633431,0.3143230300391815,3,0.0
7,0,2025,10,0.8181818181818182,5,1,0.1149256171325813,0.216255442670537,0.4109237536656892,0.3021332172398781,3,0.0
7,0,2025,9,0.9090909090909092,5,1,0.0441392839627268,0.0537010159651669,0.4342008797653959,0.4296909011754462,3,0.153
7,0,2025,2,1.0,5,1,0.0127513487003433,0.0072568940493468,0.4283357771260997,0.4222899434044406,3,0.14
1,0,2025,4,0.0,3,0,0.0168383194376328,0.0246734397677793,0.4219208211143695,0.2808010448410971,3,0.0
1,0,2025,3,0.0909090909090909,3,0,0.0168383194376328,0.0246734397677793,0.4219208211143695,0.2808010448410971,3,0.0
1,0,2025,7,0.1818181818181818,3,1,0.0168383194376328,0.0246734397677793,0.4219208211143695,0.2808010448410971,3,0.0
1,0,2025,0,0.2727272727272727,3,1,0.0362923001471309,0.0653120464441219,0.4180718475073314,0.2808010448410971,3,0.0
1,0,2025,8,0.3636363636363636,3,1,0.1255517410495341,0.1465892597968069,0.4668255131964809,0.520243796255986,1,0.32
1,0,2025,6,0.4545454545454545,3,1,0.4780120974333824,0.5936139332365747,0.5797287390029325,0.520243796255986,1,0.32
1,0,2025,5,0.5454545454545454,3,1,0.4837338564655877,1.0,0.3295454545454546,0.2808010448410971,3,0.0
1,0,2025,1,0.6363636363636364,3,1,0.4253719143370934,0.8780841799709724,0.3410923753665689,0.2808010448410971,3,0.0
1,0,2025,11,0.7272727272727273,3,1,0.2891940493706065,0.5936139332365747,0.3680351906158358,0.2808010448410971,3,0.0
1,0,2025,10,0.8181818181818182,3,1,0.1919241458231159,0.3904208998548621,0.3872800586510264,0.2808010448410971,3,0.0
1,0,2025,9,0.9090909090909092,3,1,0.055746280856629,0.1059506531204644,0.4142228739002933,0.2808010448410971,3,0.0
1,0,2025,2,1.0,3,1,0.0168383194376328,0.0246734397677793,0.4219208211143695,0.2808010448410971,3,0.0
2,0,2025,4,0.0,1,0,0.0168383194376328,0.0153846153846153,0.4277859237536657,0.390509360034828,3,0.081
2,0,2025,3,0.0909090909090909,1,0,0.0168383194376328,0.0153846153846153,0.4277859237536657,0.390509360034828,3,0.081
2,0,2025,7,0.1818181818181818,1,1,0.0168383194376328,0.0153846153846153,0.4277859237536657,0.390509360034828,3,0.081
2,0,2025,0,0.2727272727272727,1,1,0.0362923001471309,0.0467343976777939,0.4298020527859237,0.390509360034828,3,0.081
2,0,2025,8,0.3636363636363636,1,1,0.0750367827366356,0.1094339622641509,0.4336510263929619,0.3896386591205921,3,0.08
2,0,2025,6,0.4545454545454545,1,1,0.076835049861043,0.4542815674891146,0.2179252199413489,0.0413582934262081,0,0.0
2,0,2025,5,0.5454545454545454,1,1,0.1298021906163152,0.7677793904208999,0.0793621700879765,0.0413582934262081,0,0.0
2,0,2025,1,0.6363636363636364,1,1,0.424717999019127,0.6737300435413643,0.469391495601173,0.3896386591205921,3,0.08
2,0,2025,11,0.7272727272727273,1,1,0.2887036128821318,0.4542815674891146,0.4554618768328445,0.3896386591205921,3,0.08
2,0,2025,10,0.8181818181818182,1,1,0.1915971881641327,0.297532656023222,0.4455645161290322,0.3896386591205921,3,0.08
2,0,2025,9,0.9090909090909092,1,1,0.0555828020271375,0.0780841799709724,0.4316348973607038,0.3892033086634741,3,0.079
2,0,2025,2,1.0,1,1,0.0168383194376328,0.0153846153846153,0.4277859237536657,0.390509360034828,3,0.081
5,0,2025,4,0.0,4,0,0.0228870361288213,0.0107402031930333,0.4375,0.6491075315629081,1,0.557
5,0,2025,3,0.0909090909090909,4,0,0.0240313879352623,0.0107402031930333,0.438782991202346,0.6821941663038746,2,0.617
5,0,2025,7,0.1818181818181818,4,1,0.0246853032532287,0.0107402031930333,0.439516129032258,0.7009142359599478,2,0.652
5,0,2025,0,0.2727272727272727,4,1,0.0537845349027301,0.0374455732946299,0.4552785923753666,0.7270352633870265,2,0.7000000000000001
5,0,2025,8,0.3636363636363636,4,1,0.1036455778976622,0.0908563134978229,0.4774560117302053,0.6795820635611667,2,0.613
5,0,2025,6,0.4545454545454545,4,1,0.4919077979401668,0.3846153846153846,0.7272727272727273,0.8650413582934262,2,0.954
5,0,2025,5,0.5454545454545454,4,1,0.6321726336439433,0.6516690856313498,0.7159090909090909,0.6456247279059644,1,0.551
5,0,2025,1,0.6363636363636364,4,1,0.5303253228706883,0.5715529753265602,0.6523093841642229,0.6121027427078798,1,0.489
5,0,2025,11,0.7272727272727273,4,1,0.4562694131110021,0.3846153846153846,0.6873167155425219,0.7962559860687854,2,0.8270000000000001
5,0,2025,10,0.8181818181818182,4,1,0.3079941147621383,0.251088534107402,0.6053885630498533,0.8097518502394427,2,0.8520000000000001
5,0,2025,9,0.9090909090909092,4,1,0.0660454471145986,0.0641509433962264,0.4521627565982404,0.5733565520243796,1,0.417
5,0,2025,2,1.0,4,1,0.0199444171979728,0.0107402031930333,0.4342008797653959,0.563778841967784,1,0.4
9,0,2025,4,0.0,2,0,0.0045774072257642,0.0130624092888243,0.4155058651026393,0.1023073574227252,0,0.0
9,0,2025,3,0.0909090909090909,2,0,0.0068661108386463,0.0130624092888243,0.4180718475073314,0.1632564214192425,0,0.0
9,0,2025,7,0.1818181818181818,2,1,0.0042504495667811,0.0130624092888243,0.4151392961876833,0.0936003482803656,0,0.0
9,0,2025,0,0.2727272727272727,2,1,0.0117704757233938,0.0420899854862119,0.405241935483871,0.1023073574227252,0,0.0
9,0,2025,8,0.3636363636363636,2,1,0.0111165604054275,0.1001451378809869,0.3678519061583578,0.0021767522855898,0,0.0
9,0,2025,6,0.4545454545454545,2,1,0.0686611083864639,0.4194484760522496,0.2307551319648094,0.0374401393121462,0,0.0
9,0,2025,5,0.5454545454545454,2,1,0.2388425698871996,0.7097242380261248,0.2382697947214076,0.1680452764475402,0,0.0
9,0,2025,1,0.6363636363636364,2,1,0.0977603400359653,0.6226415094339623,0.1350806451612903,0.0322159338267305,0,0.0
9,0,2025,11,0.7272727272727273,2,1,0.1347065555010626,0.4194484760522496,0.3048020527859237,0.1545494122768829,0,0.0
9,0,2025,10,0.8181818181818182,2,1,0.0863168219715546,0.274310595065312,0.342192082111437,0.1475838049629952,0,0.0
9,0,2025,9,0.9090909090909092,2,1,0.0188000653915317,0.0711175616835994,0.3947947214076246,0.1010013060513713,0,0.0
9,0,2025,2,1.0,2,1,0.0027791401013568,0.0130624092888243,0.4134897360703812,0.0544188071397475,0,0.0
21,0,2025,4,0.0,0,0,0.0168383194376328,0.0203193033381712,0.4246700879765396,0.325206791467131,3,0.0
21,0,2025,3,0.0909090909090909,0,0,0.0168383194376328,0.0203193033381712,0.4246700879765396,0.325206791467131,3,0.0
21,0,2025,7,0.1818181818181818,0,1,0.0168383194376328,0.0203193033381712,0.4246700879765396,0.325206791467131,3,0.0
21,0,2025,0,0.2727272727272727,0,1,0.0362923001471309,0.0566037735849056,0.4235703812316715,0.325206791467131,3,0.0
21,0,2025,8,0.3636363636363636,0,1,0.0750367827366356,0.1291727140783744,0.4211876832844575,0.3243360905528951,3,0.0
21,0,2025,6,0.4545454545454545,0,1,0.2885401340526402,0.5283018867924528,0.4085410557184751,0.3243360905528951,3,0.0
21,0,2025,5,0.5454545454545454,0,1,0.4827529834886382,0.8911465892597968,0.3971774193548387,0.3243360905528951,3,0.0
21,0,2025,1,0.6363636363636364,0,1,0.4243910413601439,0.7822931785195937,0.4004765395894428,0.3243360905528951,3,0.0
21,0,2025,11,0.7272727272727273,0,1,0.2885401340526402,0.5283018867924528,0.4085410557184751,0.3243360905528951,3,0.0
21,0,2025,10,0.8181818181818182,0,1,0.5082556808893249,0.3468795355587808,0.7694281524926686,0.999129299085764,2,1.0
21,0,2025,9,0.9090909090909092,0,1,0.1507274807912375,0.09288824383164,0.5289589442815249,0.999564649542882,2,1.0
21,0,2025,2,1.0,0,1,0.0168383194376328,0.0203193033381712,0.4246700879765396,0.325206791467131,3,0.0
37,0,2025,4,0.0,5,0,0.0192905018800065,0.0217706821480406,0.4265029325513196,0.3595994775794515,3,0.025
37,0,2025,3,0.0909090909090909,5,0,0.0222331208108549,0.0217706821480406,0.4298020527859237,0.4196778406617327,3,0.135
37,0,2025,7,0.1818181818181818,5,1,0.0178191924145823,0.0217706821480406,0.4248533724340176,0.3295602960383108,3,0.0
37,0,2025,0,0.2727272727272727,5,1,0.0348209906817067,0.0595065312046444,0.4200879765395894,0.2942969090117545,3,0.0
37,0,2025,8,0.3636363636363636,5,1,0.0969429458885074,0.1349782293178519,0.4420821114369501,0.4205485415759686,3,0.1369999999999999
37,0,2025,6,0.4545454545454545,5,1,0.3001471309465424,0.5500725689404935,0.4078079178885631,0.3243360905528951,3,0.0
37,0,2025,5,0.5454545454545454,5,1,0.6316821971554685,0.9274310595065312,0.5412390029325513,0.4305616020896822,3,0.155
37,0,2025,1,0.6363636363636364,5,1,0.5196991989537356,0.81422351233672,0.4871700879765396,0.3970396168915977,3,0.094
37,0,2025,11,0.7272727272727273,5,1,0.3576916789275789,0.5500725689404935,0.4723240469208211,0.4026991728341315,3,0.104
37,0,2025,10,0.8181818181818182,5,1,0.2084355076017656,0.3613933236574745,0.4241202346041056,0.3430561602089682,3,0.0
37,0,2025,9,0.9090909090909092,5,1,0.0699689390223966,0.0972423802612481,0.4356671554252199,0.4061819764910753,3,0.111
37,0,2025,2,1.0,5,1,0.0170017982671244,0.0217706821480406,0.4239369501466276,0.3125816282107096,3,0.0
44,0,2025,4,0.0,3,0,0.0063756743501716,0.0029027576197387,0.4239369501466276,0.2790596430126251,3,0.0
44,0,2025,3,0.0909090909090909,3,0,0.0063756743501716,0.0029027576197387,0.4239369501466276,0.2790596430126251,3,0.0
44,0,2025,7,0.1818181818181818,3,1,0.0063756743501716,0.0029027576197387,0.4239369501466276,0.2790596430126251,3,0.0
44,0,2025,0,0.2727272727272727,3,1,0.0153670099722086,0.0217706821480406,0.4221041055718475,0.2790596430126251,3,0.0
44,0,2025,8,0.3636363636363636,3,1,0.0568906326630701,0.0595065312046444,0.4448313782991202,0.520243796255986,1,0.32
44,0,2025,6,0.4545454545454545,3,1,0.2205329409841425,0.2670537010159651,0.4972507331378299,0.520243796255986,1,0.32
44,0,2025,5,0.5454545454545454,3,1,0.2231486022560078,0.455732946298984,0.3810483870967742,0.2808010448410971,3,0.0
44,0,2025,1,0.6363636363636364,3,1,0.1960111165604054,0.3991291727140784,0.3863636363636363,0.2808010448410971,3,0.0
44,0,2025,11,0.7272727272727273,3,1,0.1329082883766552,0.2670537010159651,0.3990102639296188,0.2808010448410971,3,0.0
44,0,2025,10,0.8181818181818182,3,1,0.0876246526074873,0.1727140783744557,0.4078079178885631,0.2803656943839791,3,0.0
44,0,2025,9,0.9090909090909092,3,1,0.0245218244237371,0.0406386066763425,0.4204545454545454,0.2812363952982151,3,0.0
44,0,2025,2,1.0,3,1,0.0063756743501716,0.0029027576197387,0.4239369501466276,0.2790596430126251,3,0.0
47,0,2025,4,0.0,1,0,0.0120974333823769,0.0078374455732946,0.4272360703812317,0.3887679582063561,3,0.078
47,0,2025,3,0.0909090909090909,1,0,0.0120974333823769,0.0078374455732946,0.4272360703812317,0.3887679582063561,3,0.078
47,0,2025,7,0.1818181818181818,1,1,0.0120974333823769,0.0078374455732946,0.4272360703812317,0.3887679582063561,3,0.078
47,0,2025,0,0.2727272727272727,1,1,0.0268105280366192,0.0316400580551523,0.4287023460410557,0.3887679582063561,3,0.078
47,0,2025,8,0.3636363636363636,1,1,0.0564001961745954,0.0792452830188679,0.4318181818181818,0.39007400957771,3,0.08
47,0,2025,6,0.4545454545454545,1,1,0.057708026810528,0.3410740203193033,0.2679618768328446,0.0413582934262081,0,0.0
47,0,2025,5,0.5454545454545454,1,1,0.0979238188654569,0.579100145137881,0.1627565982404692,0.0413582934262081,0,0.0
47,0,2025,1,0.6363636363636364,1,1,0.3217263364394311,0.5076923076923078,0.4587609970674486,0.3896386591205921,3,0.08
47,0,2025,11,0.7272727272727273,1,1,0.2185711950302436,0.3410740203193033,0.4483137829912023,0.3896386591205921,3,0.08
47,0,2025,10,0.8181818181818182,1,1,0.1448422429295406,0.2220609579100145,0.4407991202346041,0.3896386591205921,3,0.08
47,0,2025,9,0.9090909090909092,1,1,0.0416871015203531,0.0554426705370101,0.4303519061583578,0.390509360034828,3,0.081
47,0,2025,2,1.0,1,1,0.0120974333823769,0.0078374455732946,0.4272360703812317,0.3887679582063561,3,0.078
13,1,2025,4,0.0,4,0,0.0191270230505149,0.0072568940493468,0.4354838709677419,0.6347409664780148,1,0.53
13,1,2025,3,0.0909090909090909,4,0,0.0248487820827202,0.0072568940493468,0.4418988269794721,0.8249891162385721,2,0.88
13,1,2025,7,0.1818181818181818,4,1,0.0165113617786496,0.0072568940493468,0.4325513196480938,0.5472355245973008,1,0.37
13,1,2025,0,0.2727272727272727,4,1,0.0348209906817067,0.0304789550072568,0.43841642228739,0.5337396604266434,1,0.345
13,1,2025,8,0.3636363636363636,4,1,0.0791237534739251,0.0769230769230769,0.4587609970674486,0.5907705703090989,1,0.45
13,1,2025,6,0.4545454545454545,4,1,0.3313715873794344,0.332365747460087,0.5802785923753666,0.6521549847627339,1,0.562
13,1,2025,5,0.5454545454545454,4,1,0.6128821317639367,0.5645863570391872,0.749266862170088,0.7300827165868524,2,0.706
13,1,2025,1,0.6363636363636364,4,1,0.4889651790093183,0.4949201741654571,0.6543255131964809,0.6547670875054419,1,0.5670000000000001
13,1,2025,11,0.7272727272727273,4,1,0.4096779467059016,0.332365747460087,0.6680718475073313,0.825859817152808,2,0.881
13,1,2025,10,0.8181818181818182,4,1,0.2126859571685466,0.216255442670537,0.5205278592375366,0.6273400087070091,1,0.517
13,1,2025,9,0.9090909090909092,4,1,0.0837011606996893,0.0537010159651669,0.4785557184750733,0.8685241619503701,2,0.96
13,1,2025,2,1.0,4,1,0.0173287559261075,0.0072568940493468,0.4334677419354839,0.5746626033957336,1,0.42
41,1,2025,4,0.0,2,0,0.0047408860552558,0.0066763425253991,0.4197214076246334,0.1619503700478885,0,0.0
41,1,2025,3,0.0909090909090909,2,0,0.0040869707372895,0.0066763425253991,0.4189882697947214,0.1397474967348715,0,0.0
41,1,2025,7,0.1818181818181818,2,1,0.0047408860552558,0.0066763425253991,0.4197214076246334,0.1619503700478885,0,0.0
41,1,2025,0,0.2727272727272727,2,1,0.0085008991335622,0.0293178519593613,0.4096407624633431,0.1005659555942533,0,0.0
41,1,2025,8,0.3636363636363636,2,1,0.0107896027464443,0.0746008708272859,0.3836143695014662,0.0252503265128428,0,0.0
41,1,2025,6,0.4545454545454545,2,1,0.0366192578061141,0.3236574746008708,0.2553152492668622,0.0,0,0.0
41,1,2025,5,0.5454545454545454,2,1,0.1708353768187019,0.5500725689404935,0.2628299120234604,0.1475838049629952,0,0.0
41,1,2025,1,0.6363636363636364,2,1,0.0675167565800228,0.4821480406386066,0.1898826979472141,0.0195907705703091,0,0.0
41,1,2025,11,0.7272727272727273,2,1,0.1074055909759686,0.3236574746008708,0.3346774193548387,0.1610796691336526,0,0.0
41,1,2025,10,0.8181818181818182,2,1,0.0256661762301781,0.2104499274310595,0.314516129032258,0.0074009577710056,0,0.0
41,1,2025,9,0.9090909090909092,2,1,0.0109530815759359,0.0519593613933236,0.3980938416422288,0.065302568567697,0,0.0
41,1,2025,2,1.0,2,1,0.0026156612718652,0.0066763425253991,0.4173387096774194,0.0892468437091859,0,0.0
29,1,2025,4,0.0,0,0,0.0099722085989864,0.0075471698113207,0.4250366568914956,0.324771441010013,3,0.0
29,1,2025,3,0.0909090909090909,0,0,0.0099722085989864,0.0075471698113207,0.4250366568914956,0.324771441010013,3,0.0
29,1,2025,7,0.1818181818181818,0,1,0.0099722085989864,0.0075471698113207,0.4250366568914956,0.324771441010013,3,0.0
29,1,2025,0,0.2727272727272727,0,1,0.0225600784698381,0.0310595065312046,0.4243035190615836,0.324771441010013,3,0.0
29,1,2025,8,0.3636363636363636,0,1,0.0477358182115416,0.0780841799709724,0.4228372434017595,0.324771441010013,3,0.0
29,1,2025,6,0.4545454545454545,0,1,0.186038907961419,0.3367198838896952,0.4145894428152493,0.3243360905528951,3,0.0
29,1,2025,5,0.5454545454545454,0,1,0.3119176066699363,0.5718432510885342,0.407258064516129,0.3243360905528951,3,0.0
29,1,2025,1,0.6363636363636364,0,1,0.2741539970573811,0.5013062409288824,0.4094574780058651,0.3243360905528951,3,0.0
29,1,2025,11,0.7272727272727273,0,1,0.186038907961419,0.3367198838896952,0.4145894428152493,0.3243360905528951,3,0.0
29,1,2025,10,0.8181818181818182,0,1,0.3284289684485859,0.2191582002902757,0.6484604105571847,0.999129299085764,2,1.0
29,1,2025,9,0.9090909090909092,0,1,0.0967794670590158,0.0545718432510885,0.4926686217008797,1.0,2,1.0
29,1,2025,2,1.0,0,1,0.0099722085989864,0.0075471698113207,0.4250366568914956,0.324771441010013,3,0.0
42,1,2025,4,0.0,5,0,0.0106261239169527,0.0087082728592162,0.4250366568914956,0.325642141924249,3,0.0
42,1,2025,3,0.0909090909090909,5,0,0.0127513487003433,0.0087082728592162,0.4274193548387097,0.3922507618633,3,0.085
42,1,2025,7,0.1818181818181818,5,1,0.0127513487003433,0.0087082728592162,0.4274193548387097,0.3922507618633,3,0.085
42,1,2025,0,0.2727272727272727,5,1,0.0246853032532287,0.0333817126269956,0.4252199413489736,0.3382673051806704,3,0.0
42,1,2025,8,0.3636363636363636,5,1,0.0454471145986594,0.0827285921625544,0.4173387096774194,0.2873313016978668,3,0.0
42,1,2025,6,0.4545454545454545,5,1,0.2239659964034657,0.3541364296081277,0.4461143695014662,0.3839791031780583,3,0.07
42,1,2025,5,0.5454545454545454,5,1,0.343632499591303,0.6008708272859217,0.4244868035190616,0.3447975620374401,3,0.0
42,1,2025,1,0.6363636363636364,5,1,0.3065228052967141,0.5268505079825835,0.4296187683284457,0.3508924684370919,3,0.009
42,1,2025,11,0.7272727272727273,5,1,0.2077815922837992,0.3541364296081277,0.4279692082111437,0.3500217675228559,3,0.008
42,1,2025,10,0.8181818181818182,5,1,0.1533431420631028,0.2307692307692307,0.4448313782991202,0.3992163691771876,3,0.098
42,1,2025,9,0.9090909090909092,5,1,0.0398888343959457,0.058055152394775,0.4266862170087976,0.3548106225511537,3,0.016
42,1,2025,2,1.0,5,1,0.0120974333823769,0.0087082728592162,0.4266862170087976,0.3717892903787549,3,0.047
28,1,2025,4,0.0,3,0,0.0098087297694948,0.0101596516690856,0.4232038123167155,0.2781889420983892,3,0.0
28,1,2025,3,0.0909090909090909,3,0,0.0098087297694948,0.0101596516690856,0.4232038123167155,0.2781889420983892,3,0.0
28,1,2025,7,0.1818181818181818,3,1,0.0098087297694948,0.0101596516690856,0.4232038123167155,0.2781889420983892,3,0.0
28,1,2025,0,0.2727272727272727,3,1,0.0223965996403465,0.0362844702467343,0.4208211143695015,0.2808010448410971,3,0.0
28,1,2025,8,0.3636363636363636,3,1,0.0797776687918914,0.0885341074020319,0.4521627565982404,0.520243796255986,1,0.32
28,1,2025,6,0.4545454545454545,3,1,0.3063593264672225,0.3759071117561683,0.5247434017595308,0.520243796255986,1,0.32
28,1,2025,5,0.5454545454545454,3,1,0.3099558607160373,0.6371552975326561,0.3638196480938416,0.2808010448410971,3,0.0
28,1,2025,1,0.6363636363636364,3,1,0.2725192087624653,0.5587808417997098,0.3713343108504399,0.2808010448410971,3,0.0
28,1,2025,11,0.7272727272727273,3,1,0.1850580349844695,0.3759071117561683,0.3887463343108505,0.2808010448410971,3,0.0
28,1,2025,10,0.8181818181818182,3,1,0.122445643289194,0.2452830188679245,0.4010263929618768,0.2808010448410971,3,0.0
28,1,2025,9,0.9090909090909092,3,1,0.0348209906817067,0.0624092888243831,0.4182551319648094,0.2799303439268611,3,0.0
28,1,2025,2,1.0,3,1,0.0098087297694948,0.0101596516690856,0.4232038123167155,0.2781889420983892,3,0.0
36,1,2025,4,0.0,1,0,0.0145496158247506,0.011611030478955,0.4276026392961877,0.391815411406182,3,0.084
36,1,2025,3,0.0909090909090909,1,0,0.0145496158247506,0.011611030478955,0.4276026392961877,0.391815411406182,3,0.084
36,1,2025,7,0.1818181818181818,1,1,0.0145496158247506,0.011611030478955,0.4276026392961877,0.391815411406182,3,0.084
36,1,2025,0,0.2727272727272727,1,1,0.0315514140918751,0.0391872278664731,0.4292521994134897,0.3896386591205921,3,0.08
36,1,2025,8,0.3636363636363636,1,1,0.0657184894556155,0.0943396226415094,0.4327346041055718,0.3896386591205921,3,0.08
36,1,2025,6,0.4545454545454545,1,1,0.0673532777505313,0.397677793904209,0.2430351906158357,0.0413582934262081,0,0.0
36,1,2025,5,0.5454545454545454,1,1,0.1137812653261402,0.6734397677793905,0.1209677419354838,0.0413582934262081,0,0.0
36,1,2025,1,0.6363636363636364,1,1,0.3732221677292791,0.5907111756168361,0.4640762463343109,0.3896386591205921,3,0.08
36,1,2025,11,0.7272727272727273,1,1,0.2537191433709335,0.397677793904209,0.4519794721407624,0.3896386591205921,3,0.08
36,1,2025,10,0.8181818181818182,1,1,0.1682197155468367,0.2597968069666183,0.4431818181818182,0.3896386591205921,3,0.08
36,1,2025,9,0.9090909090909092,1,1,0.0487166911884911,0.0667634252539913,0.4310850439882698,0.390509360034828,3,0.081
36,1,2025,2,1.0,1,1,0.0145496158247506,0.011611030478955,0.4276026392961877,0.391815411406182,3,0.084
18,1,2025,4,0.0,4,0,0.0188000653915317,0.0095791001451378,0.4336510263929619,0.5589899869394863,1,0.391
18,1,2025,3,0.0909090909090909,4,0,0.0238679091057708,0.0095791001451378,0.43933284457478,0.7122333478450152,2,0.6729999999999999
18,1,2025,7,0.1818181818181818,4,1,0.0184731077325486,0.0095791001451378,0.4332844574780058,0.5489769264257728,1,0.373
18,1,2025,0,0.2727272727272727,4,1,0.0382540461010299,0.0351233671988389,0.43933284457478,0.5289508053983457,1,0.336
18,1,2025,8,0.3636363636363636,4,1,0.1064247179990191,0.0862119013062409,0.4835043988269795,0.7357422725293862,2,0.716
18,1,2025,6,0.4545454545454545,4,1,0.3617786496648684,0.3671988388969521,0.592375366568915,0.6460600783630823,1,0.551
18,1,2025,5,0.5454545454545454,4,1,0.5080922020598333,0.6226415094339623,0.595124633431085,0.5289508053983457,1,0.336
18,1,2025,1,0.6363636363636364,4,1,0.6271047899297042,0.5460087082728592,0.7769428152492668,0.7771005659555943,2,0.792
18,1,2025,11,0.7272727272727273,4,1,0.3385646558770639,0.3671988388969521,0.5663489736070382,0.5990422289943405,1,0.465
18,1,2025,10,0.8181818181818182,4,1,0.2141572666339709,0.239477503628447,0.5075146627565983,0.56682629516761,1,0.405
18,1,2025,9,0.9090909090909092,4,1,0.0652280529671407,0.0606676342525399,0.4534457478005865,0.5951240748802786,1,0.4579999999999999
18,1,2025,2,1.0,4,1,0.0289357528200098,0.0095791001451378,0.4450146627565982,0.8654767087505442,2,0.955
14,1,2025,4,0.0,2,0,0.0068661108386463,0.0130624092888243,0.4180718475073314,0.1632564214192425,0,0.0
14,1,2025,3,0.0909090909090909,2,0,0.0026156612718652,0.0130624092888243,0.4133064516129032,0.0500653025685676,0,0.0
14,1,2025,7,0.1818181818181818,2,1,0.0044139283962726,0.0130624092888243,0.4153225806451613,0.0979538528515454,0,0.0
14,1,2025,0,0.2727272727272727,2,1,0.0129148275298348,0.0420899854862119,0.406524926686217,0.1175446234218546,0,0.0
14,1,2025,8,0.3636363636363636,2,1,0.0130783063593264,0.1001451378809869,0.3700513196480938,0.0152372659991292,0,0.0
14,1,2025,6,0.4545454545454545,2,1,0.110348209906817,0.4194484760522496,0.2774926686217008,0.1114497170222028,0,0.0
14,1,2025,5,0.5454545454545454,2,1,0.0908942291973189,0.7097242380261248,0.0723973607038123,0.0104484109708315,0,0.0
14,1,2025,1,0.6363636363636364,2,1,0.1383030897498774,0.6226415094339623,0.1805351906158357,0.0814105354810622,0,0.0
14,1,2025,11,0.7272727272727273,2,1,0.1427170181461501,0.4194484760522496,0.313782991202346,0.1689159773617762,0,0.0
14,1,2025,10,0.8181818181818182,2,1,0.0941638057871505,0.274310595065312,0.3509897360703812,0.1684806269046582,0,0.0
14,1,2025,9,0.9090909090909092,2,1,0.0259931338891613,0.0711175616835994,0.4028592375366569,0.1645624727905964,0,0.0
14,1,2025,2,1.0,2,1,0.0021252247833905,0.0130624092888243,0.4127565982404692,0.0370047888550282,0,0.0
40,1,2025,4,0.0,0,0,0.0124243910413601,0.0121915820029027,0.4248533724340176,0.3234653896386591,3,0.0
40,1,2025,3,0.0909090909090909,0,0,0.0124243910413601,0.0121915820029027,0.4248533724340176,0.3234653896386591,3,0.0
40,1,2025,7,0.1818181818181818,0,1,0.0124243910413601,0.0121915820029027,0.4248533724340176,0.3234653896386591,3,0.0
40,1,2025,0,0.2727272727272727,0,1,0.0274644433545855,0.0403483309143686,0.4239369501466276,0.3234653896386591,3,0.0
40,1,2025,8,0.3636363636363636,0,1,0.057708026810528,0.0966618287373004,0.4222873900293255,0.324771441010013,3,0.0
40,1,2025,6,0.4545454545454545,0,1,0.2233120810854994,0.4063860667634252,0.4123900293255132,0.3243360905528951,3,0.0
40,1,2025,5,0.5454545454545454,0,1,0.374039561876737,0.6879535558780843,0.4035923753665689,0.3243360905528951,3,0.0
40,1,2025,1,0.6363636363636364,0,1,0.3287559261075691,0.6034833091436865,0.406158357771261,0.3243360905528951,3,0.0
40,1,2025,11,0.7272727272727273,0,1,0.2233120810854994,0.4063860667634252,0.4123900293255132,0.3243360905528951,3,0.0
40,1,2025,10,0.8181818181818182,0,1,0.3938205002452183,0.2656023222060957,0.6924486803519061,0.999129299085764,2,1.0
40,1,2025,9,0.9090909090909092,0,1,0.1163969265980055,0.0685050798258345,0.5058651026392962,1.0,2,1.0
40,1,2025,2,1.0,0,1,0.0124243910413601,0.0121915820029027,0.4248533724340176,0.3234653896386591,3,0.0
19,1,2025,4,0.0,5,0,0.0160209252901749,0.0136429608127721,0.4279692082111437,0.3974749673487157,3,0.094
19,1,2025,3,0.0909090909090909,5,0,0.0124243910413601,0.0136429608127721,0.4239369501466276,0.303439268611232,3,0.0
19,1,2025,7,0.1818181818181818,5,1,0.015203531142717,0.0136429608127721,0.4270527859237537,0.3761427949499347,3,0.055
19,1,2025,0,0.2727272727272727,5,1,0.0276279221840771,0.0432510885341074,0.4222873900293255,0.3056160208968219,3,0.0
19,1,2025,8,0.3636363636363636,5,1,0.0740559097596861,0.1024673439767779,0.436950146627566,0.4114061819764911,3,0.12
19,1,2025,6,0.4545454545454545,5,1,0.2934444989373876,0.4281567489114659,0.4772727272727273,0.4262080975185024,3,0.147
19,1,2025,5,0.5454545454545454,5,1,0.4147457904201406,0.7242380261248186,0.4263196480938416,0.346538963865912,3,0.001
19,1,2025,1,0.6363636363636364,5,1,0.4191597188164133,0.6354136429608128,0.4873533724340176,0.4114061819764911,3,0.12
19,1,2025,11,0.7272727272727273,5,1,0.2757887853522969,0.4281567489114659,0.4574780058651027,0.3952982150631258,3,0.09
19,1,2025,10,0.8181818181818182,5,1,0.18718325976786,0.2801161103047895,0.4516129032258064,0.4061819764910753,3,0.111
19,1,2025,9,0.9090909090909092,5,1,0.0418505803498447,0.0728592162554426,0.4195381231671554,0.2977797126686983,3,0.0
19,1,2025,2,1.0,5,1,0.0140591793362759,0.0136429608127721,0.4257697947214076,0.3461036134087941,3,0.0
38,1,2025,4,0.0,3,0,0.0119339545528854,0.0145137880986937,0.4228372434017595,0.2799303439268611,3,0.0
38,1,2025,3,0.0909090909090909,3,0,0.0119339545528854,0.0145137880986937,0.4228372434017595,0.2799303439268611,3,0.0
38,1,2025,7,0.1818181818181818,3,1,0.0119339545528854,0.0145137880986937,0.4228372434017595,0.2799303439268611,3,0.0
38,1,2025,0,0.2727272727272727,3,1,0.0264835703776361,0.0449927431059506,0.4199046920821114,0.2799303439268611,3,0.0
38,1,2025,8,0.3636363636363636,3,1,0.0935098904691842,0.1059506531204644,0.4565615835777126,0.520243796255986,1,0.32
38,1,2025,6,0.4545454545454545,3,1,0.3578551577570705,0.4412191582002903,0.5412390029325513,0.520243796255986,1,0.32
38,1,2025,5,0.5454545454545454,3,1,0.3621056073238516,0.7460087082728593,0.3535557184750733,0.2808010448410971,3,0.0
38,1,2025,1,0.6363636363636364,3,1,0.3182932810201079,0.6545718432510885,0.3621700879765396,0.2808010448410971,3,0.0
38,1,2025,11,0.7272727272727273,3,1,0.2162824914173615,0.4412191582002903,0.3825146627565982,0.2808010448410971,3,0.0
38,1,2025,10,0.8181818181818182,3,1,0.1432074546346248,0.2888243831640057,0.3968108504398827,0.2808010448410971,3,0.0
38,1,2025,9,0.9090909090909092,3,1,0.0411966650318783,0.0754716981132075,0.4171554252199413,0.2812363952982151,3,0.0
38,1,2025,2,1.0,3,1,0.0119339545528854,0.0145137880986937,0.4228372434017595,0.2799303439268611,3,0.0
16,1,2025,4,0.0,1,0,0.0189635442210233,0.0188679245283018,0.4279692082111437,0.3896386591205921,3,0.08
16,1,2025,3,0.0909090909090909,1,0,0.0189635442210233,0.0188679245283018,0.4279692082111437,0.3896386591205921,3,0.08
16,1,2025,7,0.1818181818181818,1,1,0.0189635442210233,0.0188679245283018,0.4279692082111437,0.3896386591205921,3,0.08
16,1,2025,0,0.2727272727272727,1,1,0.040542749713912,0.0537010159651669,0.4301686217008797,0.3896386591205921,3,0.08
16,1,2025,8,0.3636363636363636,1,1,0.0837011606996893,0.1233671988388969,0.4345674486803519,0.3896386591205921,3,0.08
16,1,2025,6,0.4545454545454545,1,1,0.0856629066535883,0.5065312046444123,0.1948313782991202,0.0413582934262081,0,0.0
16,1,2025,5,0.5454545454545454,1,1,0.1445152852705575,0.8548621190130624,0.0408724340175953,0.0413582934262081,0,0.0
16,1,2025,1,0.6363636363636364,1,1,0.4721268595716855,0.7503628447024674,0.4741568914956012,0.3896386591205921,3,0.08
16,1,2025,11,0.7272727272727273,1,1,0.3210724211214648,0.5065312046444123,0.4587609970674486,0.3896386591205921,3,0.08
16,1,2025,10,0.8181818181818182,1,1,0.2131763936570214,0.332365747460087,0.4477639296187683,0.3896386591205921,3,0.08
16,1,2025,9,0.9090909090909092,1,1,0.0621219552068007,0.0885341074020319,0.4323680351906158,0.3896386591205921,3,0.08
16,1,2025,2,1.0,1,1,0.0189635442210233,0.0188679245283018,0.4279692082111437,0.3896386591205921,3,0.08
30,1,2025,4,0.0,4,0,0.0356383848291646,0.02322206095791,0.4439149560117302,0.6652154984762735,1,0.5870000000000001
30,1,2025,3,0.0909090909090909,4,0,0.0359653424881478,0.02322206095791,0.4442815249266862,0.671745755333043,1,0.599
30,1,2025,7,0.1818181818181818,4,1,0.028445316331535,0.02322206095791,0.4358504398826979,0.523291249455812,1,0.326
30,1,2025,0,0.2727272727272727,4,1,0.0637567435017165,0.0624092888243831,0.4506964809384164,0.565520243796256,1,0.4029999999999999
30,1,2025,8,0.3636363636363636,4,1,0.1745953898970083,0.1407837445573294,0.5254765395894428,0.7845015237266,2,0.8059999999999999
30,1,2025,6,0.4545454545454545,4,1,0.5810037600130784,0.5718432510885342,0.7089442815249267,0.6782760121898128,2,0.61
30,1,2025,5,0.5454545454545454,4,1,0.9187510217426844,0.9637155297532656,0.8401759530791788,0.6377884196778407,1,0.536
30,1,2025,1,0.6363636363636364,4,1,0.8505803498446952,0.8461538461538461,0.8379765395894427,0.675663909447105,2,0.606
30,1,2025,11,0.7272727272727273,4,1,0.4958312898479647,0.5718432510885342,0.6134530791788857,0.566390944710492,1,0.405
30,1,2025,10,0.8181818181818182,4,1,0.4593755108713422,0.3759071117561683,0.6962976539589443,0.8219416630387462,2,0.875
30,1,2025,9,0.9090909090909092,4,1,0.0984142553539316,0.1015965166908563,0.4648093841642229,0.5750979538528516,1,0.421
30,1,2025,2,1.0,4,1,0.0429949321562857,0.02322206095791,0.4521627565982404,0.8106225511536788,2,0.853
6,1,2025,4,0.0,2,0,0.0049043648847474,0.0217706821480406,0.4103739002932551,0.064867218110579,0,0.0
6,1,2025,3,0.0909090909090909,2,0,0.0039234919077979,0.0217706821480406,0.4092741935483871,0.0448410970831519,0,0.0
6,1,2025,7,0.1818181818181818,2,1,0.0083374203040706,0.0217706821480406,0.4142228739002933,0.1349586417065738,0,0.0
6,1,2025,0,0.2727272727272727,2,1,0.0192905018800065,0.0595065312046444,0.4026759530791789,0.1349586417065738,0,0.0
6,1,2025,8,0.3636363636363636,2,1,0.0330227235572993,0.1349782293178519,0.3704178885630498,0.0931649978232477,0,0.0
6,1,2025,6,0.4545454545454545,2,1,0.1687101520353114,0.5500725689404935,0.2604472140762464,0.1445363517631693,0,0.0
6,1,2025,5,0.5454545454545454,2,1,0.1489292136668301,0.9274310595065312,0.0,0.0348280365694383,0,0.0
6,1,2025,1,0.6363636363636364,2,1,0.1533431420631028,0.81422351233672,0.0764296187683284,0.0561602089682194,0,0.0
6,1,2025,11,0.7272727272727273,2,1,0.1775380088278568,0.5500725689404935,0.2703445747800587,0.1567261645624728,0,0.0
6,1,2025,10,0.8181818181818182,2,1,0.0789602746444335,0.3613933236574745,0.2789589442815249,0.0779277318241183,0,0.0
6,1,2025,9,0.9090909090909092,2,1,0.0228870361288213,0.0972423802612481,0.3828812316715542,0.0848933391380061,0,0.0
6,1,2025,2,1.0,2,1,0.0099722085989864,0.0217706821480406,0.4160557184750733,0.1684806269046582,0,0.0
20,1,2025,4,0.0,0,0,0.0143861369952591,0.0159651669085631,0.4246700879765396,0.3221593382673052,3,0.0
20,1,2025,3,0.0909090909090909,0,0,0.0143861369952591,0.0159651669085631,0.4246700879765396,0.3221593382673052,3,0.0
20,1,2025,7,0.1818181818181818,0,1,0.0143861369952591,0.0159651669085631,0.4246700879765396,0.3221593382673052,3,0.0
20,1,2025,0,0.2727272727272727,0,1,0.0315514140918751,0.0478955007256894,0.4237536656891496,0.3243360905528951,3,0.0
20,1,2025,8,0.3636363636363636,0,1,0.0657184894556155,0.1117561683599419,0.4217375366568915,0.3243360905528951,3,0.0
20,1,2025,6,0.4545454545454545,0,1,0.2537191433709335,0.4629898403483309,0.4107404692082111,0.3243360905528951,3,0.0
20,1,2025,5,0.5454545454545454,0,1,0.4243910413601439,0.7822931785195937,0.4004765395894428,0.3243360905528951,3,0.0
20,1,2025,1,0.6363636363636364,0,1,0.3732221677292791,0.6865021770682148,0.4035923753665689,0.3243360905528951,3,0.0
20,1,2025,11,0.7272727272727273,0,1,0.2537191433709335,0.4629898403483309,0.4107404692082111,0.3243360905528951,3,0.0
20,1,2025,10,0.8181818181818182,0,1,0.4469511198299821,0.3033381712626996,0.7281891495601174,0.999129299085764,2,1.0
20,1,2025,9,0.9090909090909092,0,1,0.1322543730586889,0.0798258345428156,0.5164956011730205,0.999129299085764,2,1.0
20,1,2025,2,1.0,0,1,0.0143861369952591,0.0159651669085631,0.4246700879765396,0.3221593382673052,3,0.0
32,1,2025,4,0.0,5,0,0.0088278567925453,0.0066763425253991,0.4243035190615836,0.3012625163256421,3,0.0
32,1,2025,3,0.0909090909090909,5,0,0.0107896027464443,0.0066763425253991,0.4265029325513196,0.368306486721811,3,0.0409999999999999
32,1,2025,7,0.1818181818181818,5,1,0.0122609122118685,0.0066763425253991,0.4281524926686217,0.4188071397474967,3,0.133
32,1,2025,0,0.2727272727272727,5,1,0.0194539807094981,0.0293178519593613,0.4219208211143695,0.2873313016978668,3,0.0
32,1,2025,8,0.3636363636363636,5,1,0.0585254209579859,0.0746008708272859,0.437133431085044,0.4327383543752721,3,0.159
32,1,2025,6,0.4545454545454545,5,1,0.1611901258786987,0.3236574746008708,0.3949780058651027,0.283413147583805,3,0.0
32,1,2025,5,0.5454545454545454,5,1,0.3398724865129966,0.5500725689404935,0.4523460410557184,0.3783195472355246,3,0.059
32,1,2025,1,0.6363636363636364,5,1,0.2699035474905999,0.4821480406386066,0.4167888563049853,0.3334784501523726,3,0.0
32,1,2025,11,0.7272727272727273,5,1,0.1855484714729442,0.3236574746008708,0.4222873900293255,0.3391380060949064,3,0.0
32,1,2025,10,0.8181818181818182,5,1,0.1247343469020762,0.2104499274310595,0.4255865102639296,0.3456682629516761,3,0.0
32,1,2025,9,0.9090909090909092,5,1,0.0359653424881478,0.0519593613933236,0.4261363636363636,0.3500217675228559,3,0.0069999999999999
32,1,2025,2,1.0,5,1,0.011280039234919,0.0066763425253991,0.4270527859237537,0.3852851545494122,3,0.072
46,1,2025,4,0.0,3,0,0.0085008991335622,0.0072568940493468,0.4235703812316715,0.2808010448410971,3,0.0
46,1,2025,3,0.0909090909090909,3,0,0.0085008991335622,0.0072568940493468,0.4235703812316715,0.2808010448410971,3,0.0
46,1,2025,7,0.1818181818181818,3,1,0.0085008991335622,0.0072568940493468,0.4235703812316715,0.2808010448410971,3,0.0
46,1,2025,0,0.2727272727272727,3,1,0.0196174595389897,0.0304789550072568,0.4213709677419355,0.2808010448410971,3,0.0
46,1,2025,8,0.3636363636363636,3,1,0.0706228543403629,0.0769230769230769,0.4492302052785923,0.520243796255986,1,0.32
46,1,2025,6,0.4545454545454545,3,1,0.2720287722739906,0.332365747460087,0.5137463343108505,0.520243796255986,1,0.32
46,1,2025,5,0.5454545454545454,3,1,0.2752983488638221,0.5645863570391872,0.3707844574780058,0.2808010448410971,3,0.0
46,1,2025,1,0.6363636363636364,3,1,0.2419486676475396,0.4949201741654571,0.3773826979472141,0.2808010448410971,3,0.0
46,1,2025,11,0.7272727272727273,3,1,0.1641327448095471,0.332365747460087,0.3927785923753666,0.2808010448410971,3,0.0
46,1,2025,10,0.8181818181818182,3,1,0.1085499427824096,0.216255442670537,0.4037756598240469,0.2808010448410971,3,0.0
46,1,2025,9,0.9090909090909092,3,1,0.0307340199444172,0.0537010159651669,0.4191715542521994,0.2808010448410971,3,0.0
46,1,2025,2,1.0,3,1,0.0085008991335622,0.0072568940493468,0.4235703812316715,0.2808010448410971,3,0.0
54,1,2025,4,0.0,1,0,0.0120974333823769,0.0078374455732946,0.4272360703812317,0.3887679582063561,3,0.078
54,1,2025,3,0.0909090909090909,1,0,0.0120974333823769,0.0078374455732946,0.4272360703812317,0.3887679582063561,3,0.078
54,1,2025,7,0.1818181818181818,1,1,0.0120974333823769,0.0078374455732946,0.4272360703812317,0.3887679582063561,3,0.078
54,1,2025,0,0.2727272727272727,1,1,0.0268105280366192,0.0316400580551523,0.4287023460410557,0.3887679582063561,3,0.078
54,1,2025,8,0.3636363636363636,1,1,0.0564001961745954,0.0792452830188679,0.4318181818181818,0.39007400957771,3,0.08
54,1,2025,6,0.4545454545454545,1,1,0.057708026810528,0.3410740203193033,0.2679618768328446,0.0413582934262081,0,0.0
54,1,2025,5,0.5454545454545454,1,1,0.0979238188654569,0.579100145137881,0.1627565982404692,0.0413582934262081,0,0.0
54,1,2025,1,0.6363636363636364,1,1,0.3217263364394311,0.5076923076923078,0.4587609970674486,0.3896386591205921,3,0.08
54,1,2025,11,0.7272727272727273,1,1,0.2185711950302436,0.3410740203193033,0.4483137829912023,0.3896386591205921,3,0.08
54,1,2025,10,0.8181818181818182,1,1,0.1448422429295406,0.2220609579100145,0.4407991202346041,0.3896386591205921,3,0.08
54,1,2025,9,0.9090909090909092,1,1,0.0416871015203531,0.0554426705370101,0.4303519061583578,0.390509360034828,3,0.081
54,1,2025,2,1.0,1,1,0.0120974333823769,0.0078374455732946,0.4272360703812317,0.3887679582063561,3,0.078
26,1,2025,4,0.0,4,0,0.0179826712440738,0.0043541364296081,0.4360337243401759,0.6943839791031781,2,0.64
26,1,2025,3,0.0909090909090909,4,0,0.0176557135850907,0.0043541364296081,0.4356671554252199,0.6817588158467567,2,0.617
26,1,2025,7,0.1818181818181818,4,1,0.0156939676311917,0.0043541364296081,0.4334677419354839,0.607313887679582,1,0.48
26,1,2025,0,0.2727272727272727,4,1,0.0433218898152689,0.0246734397677793,0.4516129032258064,0.7845015237266,2,0.8059999999999999
26,1,2025,8,0.3636363636363636,4,1,0.0959620729115579,0.0653120464441219,0.4849706744868035,0.848498040922943,2,0.923
26,1,2025,6,0.4545454545454545,4,1,0.2757887853522969,0.2888243831640057,0.5454545454545454,0.6168915977361776,1,0.498
26,1,2025,5,0.5454545454545454,4,1,0.4427006702632009,0.4920174165457184,0.6042888563049853,0.588593818023509,1,0.445
26,1,2025,1,0.6363636363636364,4,1,0.4745790420140592,0.4310595065312046,0.6785190615835777,0.7357422725293862,2,0.716
26,1,2025,11,0.7272727272727273,4,1,0.3070132417851888,0.2888243831640057,0.5804618768328446,0.69612538093165,2,0.643
26,1,2025,10,0.8181818181818182,4,1,0.1968285107078633,0.1872278664731494,0.5210777126099707,0.6695690030474533,1,0.594
26,1,2025,9,0.9090909090909092,4,1,0.0598332515939186,0.0449927431059506,0.4572947214076246,0.7026556377884197,2,0.655
26,1,2025,2,1.0,4,1,0.0160209252901749,0.0043541364296081,0.4338343108504399,0.6199390509360034,1,0.503
31,1,2025,4,0.0,2,0,0.0039234919077979,0.0049346879535558,0.4199046920821114,0.1528080104484109,0,0.0
31,1,2025,3,0.0909090909090909,2,0,0.0017982671244073,0.0049346879535558,0.4175219941348974,0.0740095777100566,0,0.0
31,1,2025,7,0.1818181818181818,2,1,0.0016347882949158,0.0049346879535558,0.4173387096774194,0.0679146713104049,0,0.0
31,1,2025,0,0.2727272727272727,2,1,0.0026156612718652,0.0258345428156748,0.405241935483871,0.0074009577710056,0,0.0
31,1,2025,8,0.3636363636363636,2,1,0.0173287559261075,0.0676342525399129,0.3953445747800587,0.0953417501088376,0,0.0
31,1,2025,6,0.4545454545454545,2,1,0.0359653424881478,0.297532656023222,0.2710777126099707,0.0060949063996517,0,0.0
31,1,2025,5,0.5454545454545454,2,1,0.1119829982017328,0.5065312046444123,0.2243401759530792,0.0801044841097083,0,0.0
31,1,2025,1,0.6363636363636364,2,1,0.1386300474088606,0.4438316400580551,0.2938049853372434,0.1480191554201131,0,0.0
31,1,2025,11,0.7272727272727273,2,1,0.100212522478339,0.297532656023222,0.343108504398827,0.1641271223334784,0,0.0
31,1,2025,10,0.8181818181818182,2,1,0.0336766388752656,0.193033381712627,0.3344941348973607,0.0448410970831519,0,0.0
31,1,2025,9,0.9090909090909092,2,1,0.0068661108386463,0.0467343976777939,0.3968108504398827,0.0278624292555507,0,0.0
31,1,2025,2,1.0,2,1,0.0,0.0049346879535558,0.4155058651026393,0.0074009577710056,0,0.0
51,1,2025,4,0.0,0,0,0.0086643779630537,0.0052249637155297,0.4250366568914956,0.3221593382673052,3,0.0
51,1,2025,3,0.0909090909090909,0,0,0.0086643779630537,0.0052249637155297,0.4250366568914956,0.3221593382673052,3,0.0
51,1,2025,7,0.1818181818181818,0,1,0.0086643779630537,0.0052249637155297,0.4250366568914956,0.3221593382673052,3,0.0
51,1,2025,0,0.2727272727272727,0,1,0.0201078960274644,0.0264150943396226,0.4244868035190616,0.325206791467131,3,0.0
51,1,2025,8,0.3636363636363636,0,1,0.0426679744973026,0.0687953555878084,0.4230205278592375,0.3239007400957771,3,0.0
51,1,2025,6,0.4545454545454545,0,1,0.1674023213993788,0.3018867924528302,0.4156891495601173,0.3243360905528951,3,0.0
51,1,2025,5,0.5454545454545454,0,1,0.2808566290665359,0.5137880986937591,0.4090909090909091,0.3243360905528951,3,0.0
51,1,2025,1,0.6363636363636364,0,1,0.2468530325322871,0.4502177068214804,0.4111070381231672,0.3243360905528951,3,0.0
51,1,2025,11,0.7272727272727273,0,1,0.1674023213993788,0.3018867924528302,0.4156891495601173,0.3243360905528951,3,0.0
51,1,2025,10,0.8181818181818182,0,1,0.2957332025502698,0.1959361393323657,0.626466275659824,0.999129299085764,2,1.0
51,1,2025,9,0.9090909090909092,0,1,0.086970737289521,0.0476052249637155,0.4860703812316715,1.0,2,1.0
51,1,2025,2,1.0,0,1,0.0086643779630537,0.0052249637155297,0.4250366568914956,0.3221593382673052,3,0.0
10,1,2025,4,0.0,5,0,0.0073565473271211,0.0029027576197387,0.4250366568914956,0.3191118850674793,3,0.0
10,1,2025,3,0.0909090909090909,5,0,0.0096452509400032,0.0029027576197387,0.4276026392961877,0.413147583804963,3,0.123
10,1,2025,7,0.1818181818181818,5,1,0.0076835049861043,0.0029027576197387,0.4254032258064516,0.3326077492381367,3,0.0
10,1,2025,0,0.2727272727272727,5,1,0.0189635442210233,0.0217706821480406,0.4261363636363636,0.3526338702655638,3,0.012
10,1,2025,8,0.3636363636363636,5,1,0.0389079614189962,0.0595065312046444,0.4246700879765396,0.3360905528950805,3,0.0
10,1,2025,6,0.4545454545454545,5,1,0.1721432074546346,0.2670537010159651,0.4429985337243401,0.3878972572921201,3,0.077
10,1,2025,5,0.5454545454545454,5,1,0.2798757560895865,0.455732946298984,0.4446480938416422,0.3735306922072268,3,0.051
10,1,2025,1,0.6363636363636364,5,1,0.2110511688736308,0.3991291727140784,0.4032258064516129,0.3086634740966478,3,0.0
10,1,2025,11,0.7272727272727273,5,1,0.1502370443027628,0.2670537010159651,0.4184384164222874,0.3282542446669569,3,0.0
10,1,2025,10,0.8181818181818182,5,1,0.0992316495013895,0.1727140783744557,0.4208211143695015,0.3278188942098389,3,0.0
10,1,2025,9,0.9090909090909092,5,1,0.0264835703776361,0.0406386066763425,0.4226539589442815,0.3082281236395298,3,0.0
10,1,2025,2,1.0,5,1,0.0076835049861043,0.0029027576197387,0.4254032258064516,0.3326077492381367,3,0.0
33,1,2025,4,0.0,3,0,0.0068661108386463,0.0037735849056603,0.4239369501466276,0.282107096212451,3,0.0
33,1,2025,3,0.0909090909090909,3,0,0.0068661108386463,0.0037735849056603,0.4239369501466276,0.282107096212451,3,0.0
33,1,2025,7,0.1818181818181818,3,1,0.0068661108386463,0.0037735849056603,0.4239369501466276,0.282107096212451,3,0.0
33,1,2025,0,0.2727272727272727,3,1,0.016347882949158,0.0235123367198838,0.4221041055718475,0.282107096212451,3,0.0
33,1,2025,8,0.3636363636363636,3,1,0.059669772764427,0.0629898403483309,0.4457478005865102,0.520679146713104,1,0.321
33,1,2025,6,0.4545454545454545,3,1,0.2308321072421122,0.2801161103047895,0.500549853372434,0.520243796255986,1,0.32
33,1,2025,5,0.5454545454545454,3,1,0.233611247343469,0.4775036284470246,0.3790322580645161,0.2808010448410971,3,0.0
33,1,2025,1,0.6363636363636364,3,1,0.2053294098414255,0.4182873730043541,0.3847140762463343,0.2808010448410971,3,0.0
33,1,2025,11,0.7272727272727273,3,1,0.1391204838973353,0.2801161103047895,0.3977272727272727,0.2808010448410971,3,0.0
33,1,2025,10,0.8181818181818182,3,1,0.0918751021742684,0.1814223512336719,0.407074780058651,0.2808010448410971,3,0.0
33,1,2025,9,0.9090909090909092,3,1,0.0256661762301781,0.0432510885341074,0.4200879765395894,0.2799303439268611,3,0.0
33,1,2025,2,1.0,3,1,0.0068661108386463,0.0037735849056603,0.4239369501466276,0.282107096212451,3,0.0
48,1,2025,4,0.0,1,0,0.0120974333823769,0.0078374455732946,0.4272360703812317,0.3887679582063561,3,0.078
48,1,2025,3,0.0909090909090909,1,0,0.0120974333823769,0.0078374455732946,0.4272360703812317,0.3887679582063561,3,0.078
48,1,2025,7,0.1818181818181818,1,1,0.0120974333823769,0.0078374455732946,0.4272360703812317,0.3887679582063561,3,0.078
48,1,2025,0,0.2727272727272727,1,1,0.0268105280366192,0.0316400580551523,0.4287023460410557,0.3887679582063561,3,0.078
48,1,2025,8,0.3636363636363636,1,1,0.0564001961745954,0.0792452830188679,0.4318181818181818,0.39007400957771,3,0.08
48,1,2025,6,0.4545454545454545,1,1,0.057708026810528,0.3410740203193033,0.2679618768328446,0.0413582934262081,0,0.0
48,1,2025,5,0.5454545454545454,1,1,0.0979238188654569,0.579100145137881,0.1627565982404692,0.0413582934262081,0,0.0
48,1,2025,1,0.6363636363636364,1,1,0.3217263364394311,0.5076923076923078,0.4587609970674486,0.3896386591205921,3,0.08
48,1,2025,11,0.7272727272727273,1,1,0.2185711950302436,0.3410740203193033,0.4483137829912023,0.3896386591205921,3,0.08
48,1,2025,10,0.8181818181818182,1,1,0.1448422429295406,0.2220609579100145,0.4407991202346041,0.3896386591205921,3,0.08
48,1,2025,9,0.9090909090909092,1,1,0.0416871015203531,0.0554426705370101,0.4303519061583578,0.390509360034828,3,0.081
48,1,2025,2,1.0,1,1,0.0120974333823769,0.0078374455732946,0.4272360703812317,0.3887679582063561,3,0.078
43,1,2025,4,0.0,4,0,0.0300801046264508,0.0110304789550072,0.4453812316715542,0.8471919895515889,2,0.92
43,1,2025,3,0.0909090909090909,4,0,0.0199444171979728,0.0110304789550072,0.4340175953079179,0.5568132346538964,1,0.387
43,1,2025,7,0.1818181818181818,4,1,0.0264835703776361,0.0110304789550072,0.4413489736070381,0.7440139312146279,2,0.731
43,1,2025,0,0.2727272727272727,4,1,0.0415236226908615,0.0380261248185776,0.4411656891495601,0.5428820200261211,1,0.361
43,1,2025,8,0.3636363636363636,4,1,0.1057708026810528,0.0920174165457184,0.4791055718475073,0.6865476708750544,2,0.626
43,1,2025,6,0.4545454545454545,4,1,0.4899460519862679,0.3889695210449927,0.7223240469208212,0.851110143665651,2,0.928
43,1,2025,5,0.5454545454545454,4,1,0.8283472290338403,0.6589259796806967,0.9312683284457478,0.8624292555507183,2,0.949
43,1,2025,1,0.6363636363636364,4,1,0.61631518718326,0.5779390420899855,0.7446847507331378,0.7161515019590771,2,0.68
43,1,2025,11,0.7272727272727273,4,1,0.4136014386136996,0.3889695210449927,0.6367302052785924,0.7052677405311276,2,0.66
43,1,2025,10,0.8181818181818182,4,1,0.3137158737943437,0.2539912917271408,0.6099706744868035,0.8167174575533305,2,0.865
43,1,2025,9,0.9090909090909092,4,1,0.0714402484878208,0.065021770682148,0.4576612903225806,0.6177622986504137,1,0.499
43,1,2025,2,1.0,4,1,0.0264835703776361,0.0110304789550072,0.4413489736070381,0.7440139312146279,2,0.731
15,1,2025,4,0.0,2,0,0.0040869707372895,0.0119013062409288,0.4156891495601173,0.0966478014801915,0,0.0
15,1,2025,3,0.0909090909090909,2,0,0.0052313225437305,0.0119013062409288,0.4169721407624633,0.1284283848498041,0,0.0
15,1,2025,7,0.1818181818181818,2,1,0.0052313225437305,0.0119013062409288,0.4169721407624633,0.1284283848498041,0,0.0
15,1,2025,0,0.2727272727272727,2,1,0.0155304888017001,0.0397677793904208,0.4109237536656892,0.1623857205050065,0,0.0
15,1,2025,8,0.3636363636363636,2,1,0.0240313879352623,0.0955007256894049,0.3852639296187683,0.0953417501088376,0,0.0
15,1,2025,6,0.4545454545454545,2,1,0.0539480137322216,0.4020319303338171,0.2252565982404692,0.0152372659991292,0,0.0
15,1,2025,5,0.5454545454545454,2,1,0.1284943599803825,0.6806966618287373,0.1328812316715542,0.0561602089682194,0,0.0
15,1,2025,1,0.6363636363636364,2,1,0.120483897335295,0.5970972423802613,0.1766862170087976,0.0661732694819329,0,0.0
15,1,2025,11,0.7272727272727273,2,1,0.0773254863495177,0.4020319303338171,0.251466275659824,0.0587723117109272,0,0.0
15,1,2025,10,0.8181818181818182,2,1,0.0809220205983325,0.262699564586357,0.343475073313783,0.1423595994775794,0,0.0
15,1,2025,9,0.9090909090909092,2,1,0.0125878698708517,0.0676342525399129,0.3900293255131964,0.0513713539399216,0,0.0
15,1,2025,2,1.0,2,1,0.0006539153179663,0.0119013062409288,0.4118401759530792,0.0013060513713539,0,0.0
52,1,2025,4,0.0,0,0,0.0129148275298348,0.0130624092888243,0.4248533724340176,0.3243360905528951,3,0.0
52,1,2025,3,0.0909090909090909,0,0,0.0129148275298348,0.0130624092888243,0.4248533724340176,0.3243360905528951,3,0.0
52,1,2025,7,0.1818181818181818,0,1,0.0129148275298348,0.0130624092888243,0.4248533724340176,0.3243360905528951,3,0.0
52,1,2025,0,0.2727272727272727,0,1,0.028445316331535,0.0420899854862119,0.4239369501466276,0.3243360905528951,3,0.0
52,1,2025,8,0.3636363636363636,0,1,0.0595062939349354,0.1001451378809869,0.4221041055718475,0.3243360905528951,3,0.0
52,1,2025,6,0.4545454545454545,0,1,0.2303416707536374,0.4194484760522496,0.4120234604105572,0.3243360905528951,3,0.0
52,1,2025,5,0.5454545454545454,0,1,0.3856465587706392,0.7097242380261248,0.4028592375366569,0.3243360905528951,3,0.0
52,1,2025,1,0.6363636363636364,0,1,0.3390550923655387,0.6226415094339623,0.405608504398827,0.3243360905528951,3,0.0
52,1,2025,11,0.7272727272727273,0,1,0.2303416707536374,0.4194484760522496,0.4120234604105572,0.3243360905528951,3,0.0
52,1,2025,10,0.8181818181818182,0,1,0.4060814124570868,0.274310595065312,0.7006964809384164,0.999129299085764,2,1.0
52,1,2025,9,0.9090909090909092,0,1,0.1199934608468203,0.0711175616835994,0.5082478005865103,0.999129299085764,2,1.0
52,1,2025,2,1.0,0,1,0.0129148275298348,0.0130624092888243,0.4248533724340176,0.3243360905528951,3,0.0
12,1,2025,4,0.0,5,0,0.0160209252901749,0.0127721335268505,0.4285190615835777,0.412276882890727,3,0.121
12,1,2025,3,0.0909090909090909,5,0,0.0166748406081412,0.0127721335268505,0.4292521994134897,0.4296909011754462,3,0.154
12,1,2025,7,0.1818181818181818,5,1,0.0148765734837338,0.0127721335268505,0.4272360703812317,0.3813670004353504,3,0.065
12,1,2025,0,0.2727272727272727,5,1,0.030407062285434,0.0415094339622641,0.4265029325513196,0.3548106225511537,3,0.016
12,1,2025,8,0.3636363636363636,5,1,0.0632663070132417,0.0989840348330914,0.4270527859237537,0.3539399216369177,3,0.0139999999999999
12,1,2025,6,0.4545454545454545,5,1,0.2636913519699199,0.4150943396226415,0.4521627565982404,0.3883326077492381,3,0.078
12,1,2025,5,0.5454545454545454,5,1,0.3547490599967304,0.702467343976778,0.3728005865102639,0.2951676099259904,3,0.0
12,1,2025,1,0.6363636363636364,5,1,0.4207945071113291,0.6162554426705371,0.5012829912023461,0.4283848498040923,3,0.151
12,1,2025,11,0.7272727272727273,5,1,0.2398234428641491,0.4150943396226415,0.4254032258064516,0.3456682629516761,3,0.0
12,1,2025,10,0.8181818181818182,5,1,0.1642962236390387,0.2714078374455733,0.4314516129032258,0.3595994775794515,3,0.025
12,1,2025,9,0.9090909090909092,5,1,0.0392349190779794,0.0702467343976778,0.4182551319648094,0.2860252503265128,3,0.0
12,1,2025,2,1.0,5,1,0.0156939676311917,0.0127721335268505,0.4281524926686217,0.4031345232912494,3,0.105
25,1,2025,4,0.0,3,0,0.0119339545528854,0.0145137880986937,0.4228372434017595,0.2799303439268611,3,0.0
25,1,2025,3,0.0909090909090909,3,0,0.0119339545528854,0.0145137880986937,0.4228372434017595,0.2799303439268611,3,0.0
25,1,2025,7,0.1818181818181818,3,1,0.0119339545528854,0.0145137880986937,0.4228372434017595,0.2799303439268611,3,0.0
25,1,2025,0,0.2727272727272727,3,1,0.0264835703776361,0.0449927431059506,0.4199046920821114,0.2799303439268611,3,0.0
25,1,2025,8,0.3636363636363636,3,1,0.0935098904691842,0.1059506531204644,0.4565615835777126,0.520243796255986,1,0.32
25,1,2025,6,0.4545454545454545,3,1,0.3578551577570705,0.4412191582002903,0.5412390029325513,0.520243796255986,1,0.32
25,1,2025,5,0.5454545454545454,3,1,0.3621056073238516,0.7460087082728593,0.3535557184750733,0.2808010448410971,3,0.0
25,1,2025,1,0.6363636363636364,3,1,0.3182932810201079,0.6545718432510885,0.3621700879765396,0.2808010448410971,3,0.0
25,1,2025,11,0.7272727272727273,3,1,0.2162824914173615,0.4412191582002903,0.3825146627565982,0.2808010448410971,3,0.0
25,1,2025,10,0.8181818181818182,3,1,0.1432074546346248,0.2888243831640057,0.3968108504398827,0.2808010448410971,3,0.0
25,1,2025,9,0.9090909090909092,3,1,0.0411966650318783,0.0754716981132075,0.4171554252199413,0.2812363952982151,3,0.0
25,1,2025,2,1.0,3,1,0.0119339545528854,0.0145137880986937,0.4228372434017595,0.2799303439268611,3,0.0
35,1,2025,4,0.0,1,0,0.0171652770966159,0.0159651669085631,0.4277859237536657,0.3896386591205921,3,0.08
35,1,2025,3,0.0909090909090909,1,0,0.0171652770966159,0.0159651669085631,0.4277859237536657,0.3896386591205921,3,0.08
35,1,2025,7,0.1818181818181818,1,1,0.0171652770966159,0.0159651669085631,0.4277859237536657,0.3896386591205921,3,0.08
35,1,2025,0,0.2727272727272727,1,1,0.0369462154650972,0.0478955007256894,0.4298020527859237,0.3896386591205921,3,0.08
35,1,2025,8,0.3636363636363636,1,1,0.0765080922020598,0.1117561683599419,0.4338343108504399,0.3896386591205921,3,0.08
35,1,2025,6,0.4545454545454545,1,1,0.0783063593264672,0.4629898403483309,0.2140762463343108,0.0413582934262081,0,0.0
35,1,2025,5,0.5454545454545454,1,1,0.1322543730586889,0.7822931785195937,0.0729472140762463,0.0413582934262081,0,0.0
35,1,2025,1,0.6363636363636364,1,1,0.4325649828347229,0.6865021770682148,0.470124633431085,0.3896386591205921,3,0.08
35,1,2025,11,0.7272727272727273,1,1,0.294098414255354,0.4629898403483309,0.4560117302052786,0.3896386591205921,3,0.08
35,1,2025,10,0.8181818181818182,1,1,0.1951937224129475,0.3033381712626996,0.4459310850439882,0.3896386591205921,3,0.08
35,1,2025,9,0.9090909090909092,1,1,0.0567271538335785,0.0798258345428156,0.4318181818181818,0.3896386591205921,3,0.08
35,1,2025,2,1.0,1,1,0.0171652770966159,0.0159651669085631,0.4277859237536657,0.3896386591205921,3,0.08
0,1,2025,4,0.0,4,0,0.0358018636586562,0.0174165457184325,0.4477639296187683,0.8001741401828473,2,0.835
0,1,2025,3,0.0909090909090909,4,0,0.0251757397417034,0.0174165457184325,0.4358504398826979,0.5542011319111885,1,0.383
0,1,2025,7,0.1818181818181818,4,1,0.038581003760013,0.0174165457184325,0.4508797653958944,0.8646060078363083,2,0.953
0,1,2025,0,0.2727272727272727,4,1,0.059669772764427,0.0507982583454281,0.4534457478005865,0.632128863735307,1,0.525
0,1,2025,8,0.3636363636363636,4,1,0.148602256007847,0.1175616835994194,0.5109970674486803,0.7862429255550718,2,0.809
0,1,2025,6,0.4545454545454545,4,1,0.5123426516266144,0.4847605224963715,0.686950146627566,0.7057030909882456,2,0.6609999999999999
0,1,2025,5,0.5454545454545454,4,1,0.8087297694948505,0.8185776487663281,0.8084677419354839,0.6621680452764476,1,0.5810000000000001
0,1,2025,1,0.6363636363636364,4,1,0.6441065881968286,0.7184325108853411,0.687133431085044,0.5916412712233348,1,0.451
0,1,2025,11,0.7272727272727273,4,1,0.5200261566127187,0.4847605224963715,0.6955645161290323,0.717457553330431,2,0.6829999999999999
0,1,2025,10,0.8181818181818182,4,1,0.3392185711950303,0.3178519593613933,0.5982404692082112,0.7022202873313017,2,0.655
0,1,2025,9,0.9090909090909092,4,1,0.0805950629393493,0.0841799709724238,0.4558284457478005,0.5528950805398346,1,0.38
0,1,2025,2,1.0,4,1,0.0243583455942455,0.0174165457184325,0.4349340175953079,0.5354810622551154,1,0.348
23,1,2025,4,0.0,2,0,0.0017982671244073,0.0217706821480406,0.406891495601173,0.0013060513713539,0,0.0
23,1,2025,3,0.0909090909090909,2,0,0.0086643779630537,0.0217706821480406,0.4145894428152493,0.1419242490204614,0,0.0
23,1,2025,7,0.1818181818181818,2,1,0.0040869707372895,0.0217706821480406,0.4094574780058651,0.0478885502829777,0,0.0
23,1,2025,0,0.2727272727272727,2,1,0.0063756743501716,0.0595065312046444,0.3881964809384164,0.0030474531998258,0,0.0
23,1,2025,8,0.3636363636363636,2,1,0.0328592447278077,0.1349782293178519,0.3702346041055718,0.0922942969090117,0,0.0
23,1,2025,6,0.4545454545454545,2,1,0.182932810201079,0.5500725689404935,0.2763929618768329,0.1641271223334784,0,0.0
23,1,2025,5,0.5454545454545454,2,1,0.2064737616478666,0.9274310595065312,0.0645161290322581,0.0822812363952982,0,0.0
23,1,2025,1,0.6363636363636364,2,1,0.2638548307994115,0.81422351233672,0.2003299120234604,0.1589029168480626,0,0.0
23,1,2025,11,0.7272727272727273,2,1,0.1736145169200588,0.5500725689404935,0.2659457478005865,0.151501959077057,0,0.0
23,1,2025,10,0.8181818181818182,2,1,0.0727480791237534,0.3613933236574745,0.2719941348973607,0.065302568567697,0,0.0
23,1,2025,9,0.9090909090909092,2,1,0.0174922347555991,0.0972423802612481,0.37683284457478,0.0478885502829777,0,0.0
23,1,2025,2,1.0,2,1,0.0083374203040706,0.0217706821480406,0.4142228739002933,0.1349586417065738,0,0.0
27,1,2025,4,0.0,0,0,0.0142226581657675,0.0153846153846153,0.4248533724340176,0.326077492381367,3,0.0
27,1,2025,3,0.0909090909090909,0,0,0.0142226581657675,0.0153846153846153,0.4248533724340176,0.326077492381367,3,0.0
27,1,2025,7,0.1818181818181818,0,1,0.0142226581657675,0.0153846153846153,0.4248533724340176,0.326077492381367,3,0.0
27,1,2025,0,0.2727272727272727,0,1,0.0308974987739087,0.0467343976777939,0.4237536656891496,0.3239007400957771,3,0.0
27,1,2025,8,0.3636363636363636,0,1,0.0644106588196828,0.1094339622641509,0.4217375366568915,0.3239007400957771,3,0.0
27,1,2025,6,0.4545454545454545,0,1,0.2489782573156777,0.4542815674891146,0.4109237536656892,0.3243360905528951,3,0.0
27,1,2025,5,0.5454545454545454,0,1,0.4167075363740396,0.7677793904208999,0.4010263929618768,0.3243360905528951,3,0.0
27,1,2025,1,0.6363636363636364,0,1,0.3663560568906327,0.6737300435413643,0.4039589442815249,0.3243360905528951,3,0.0
27,1,2025,11,0.7272727272727273,0,1,0.2489782573156777,0.4542815674891146,0.4109237536656892,0.3243360905528951,3,0.0
27,1,2025,10,0.8181818181818182,0,1,0.438777178355403,0.297532656023222,0.7226906158357771,0.999129299085764,2,1.0
27,1,2025,9,0.9090909090909092,0,1,0.1298021906163152,0.0780841799709724,0.5148460410557185,0.999129299085764,2,1.0
27,1,2025,2,1.0,0,1,0.0142226581657675,0.0153846153846153,0.4248533724340176,0.326077492381367,3,0.0
4,1,2025,4,0.0,5,0,0.0205983325159391,0.0188679245283018,0.4298020527859237,0.4257727470613844,3,0.147
4,1,2025,3,0.0909090909090909,5,0,0.0199444171979728,0.0188679245283018,0.4290689149560117,0.4114061819764911,3,0.12
4,1,2025,7,0.1818181818181818,5,1,0.0150400523132254,0.0188679245283018,0.4235703812316715,0.3025685676969961,3,0.0
4,1,2025,0,0.2727272727272727,5,1,0.0379270884420467,0.0537010159651669,0.4272360703812317,0.3604701784936874,3,0.027
4,1,2025,8,0.3636363636363636,5,1,0.0688245872159555,0.1233671988388969,0.4178885630498534,0.3069220722681759,3,0.0
4,1,2025,6,0.4545454545454545,5,1,0.3351316004577407,0.5065312046444123,0.4745234604105572,0.4105354810622551,3,0.118
4,1,2025,5,0.5454545454545454,5,1,0.4767042667974497,0.8548621190130624,0.4133064516129032,0.3360905528950805,3,0.0
4,1,2025,1,0.6363636363636364,5,1,0.408370116069969,0.7503628447024674,0.4026759530791789,0.325206791467131,3,0.0
4,1,2025,11,0.7272727272727273,5,1,0.2965505966977277,0.5065312046444123,0.4312683284457478,0.3535045711797997,3,0.013
4,1,2025,10,0.8181818181818182,5,1,0.2224946869380415,0.332365747460087,0.4582111436950147,0.4101001306051371,3,0.118
4,1,2025,9,0.9090909090909092,5,1,0.0673532777505313,0.0885341074020319,0.438233137829912,0.4283848498040923,3,0.151
4,1,2025,2,1.0,5,1,0.0191270230505149,0.0188679245283018,0.4281524926686217,0.3931214627775359,3,0.087
